Title,Publisher,DateTime,Link
Utah backup QB Bryson Barnes opens Florida game with a 70-yard touchdown pass,Salt Lake Tribune,2023-09-01T04:41:15Z,https://news.google.com/articles/CBMiVmh0dHBzOi8vd3d3LnNsdHJpYi5jb20vc3BvcnRzL3V0YWgtdXRlcy8yMDIzLzA4LzMxL3V0ZXMtc3RhcnMtY2FtLXJpc2luZy1icmFudC1rdWl0aGUv0gEA?hl=en-US&gl=US&ceid=US%3Aen
"Florida vs. Utah score, takeaways: Short-handed No. 14 Utes get revenge as Gators look listless",CBS Sports,2023-09-01T04:59:39Z,https://news.google.com/articles/CBMikQFodHRwczovL3d3dy5jYnNzcG9ydHMuY29tL2NvbGxlZ2UtZm9vdGJhbGwvbmV3cy9mbG9yaWRhLXZzLXV0YWgtc2NvcmUtdGFrZWF3YXlzLXNob3J0LWhhbmRlZC1uby0xNC11dGVzLWdldC1yZXZlbmdlLWFzLWdhdG9ycy1sb29rLWxpc3RsZXNzL2xpdmUv0gGVAWh0dHBzOi8vd3d3LmNic3Nwb3J0cy5jb20vY29sbGVnZS1mb290YmFsbC9uZXdzL2Zsb3JpZGEtdnMtdXRhaC1zY29yZS10YWtlYXdheXMtc2hvcnQtaGFuZGVkLW5vLTE0LXV0ZXMtZ2V0LXJldmVuZ2UtYXMtZ2F0b3JzLWxvb2stbGlzdGxlc3MvbGl2ZS9hbXAv?hl=en-US&gl=US&ceid=US%3Aen
"No. 14 Utah 24, Florida 11",CT Insider,2023-09-01T03:26:03Z,https://news.google.com/articles/CBMiTmh0dHBzOi8vd3d3LmN0aW5zaWRlci5jb20vc3BvcnRzL2FydGljbGUvbm8tMTQtdXRhaC0yNC1mbG9yaWRhLTExLTE4MzQxOTEzLnBocNIBAA?hl=en-US&gl=US&ceid=US%3Aen
"Olivia Dunne Puts On A Flexibility Clinic, Florida Gators Cheerleaders Invade Utah & The Nebraska Volleyball Team Has My Attention",Outkick,2023-08-31T19:55:00Z,https://news.google.com/articles/CBMimAFodHRwczovL3d3dy5vdXRraWNrLmNvbS9vbGl2aWEtZHVubmUtcHV0cy1vbi1hLWZsZXhpYmlsaXR5LWNsaW5pYy1mbG9yaWRhLWdhdG9ycy1jaGVlcmxlYWRlcnMtaW52YWRlLXV0YWgtdGhlLW5lYnJhc2thLXZvbGxleWJhbGwtdGVhbS1oYXMtbXktYXR0ZW50aW9uL9IBAA?hl=en-US&gl=US&ceid=US%3Aen
Nebraska at Minnesota | Extended Highlights | Big Ten Football | Aug. 31 2023,Big Ten Network,2023-09-01T04:02:01Z,https://news.google.com/articles/CCAiC1Z6Zno1ZjJUR2ZNmAEB?hl=en-US&gl=US&ceid=US%3Aen
"Nebraksa vs. Minnesota live stream, watch online, TV channel, prediction, pick, spread, football game odds",CBS Sports,2023-08-31T23:45:00Z,https://news.google.com/articles/CBMilAFodHRwczovL3d3dy5jYnNzcG9ydHMuY29tL2NvbGxlZ2UtZm9vdGJhbGwvbmV3cy9uZWJyYWtzYS12cy1taW5uZXNvdGEtbGl2ZS1zdHJlYW0td2F0Y2gtb25saW5lLXR2LWNoYW5uZWwtcHJlZGljdGlvbi1waWNrLXNwcmVhZC1mb290YmFsbC1nYW1lLW9kZHMv0gGYAWh0dHBzOi8vd3d3LmNic3Nwb3J0cy5jb20vY29sbGVnZS1mb290YmFsbC9uZXdzL25lYnJha3NhLXZzLW1pbm5lc290YS1saXZlLXN0cmVhbS13YXRjaC1vbmxpbmUtdHYtY2hhbm5lbC1wcmVkaWN0aW9uLXBpY2stc3ByZWFkLWZvb3RiYWxsLWdhbWUtb2Rkcy9hbXAv?hl=en-US&gl=US&ceid=US%3Aen
"Nebraska vs. Minnesota game prediction, preview: Who wins, and why?",Sports Illustrated,2023-08-30T21:39:47Z,https://news.google.com/articles/CBMilAFodHRwczovL3d3dy5zaS5jb20vZmFubmF0aW9uL2NvbGxlZ2UvY2ZiLWhxL25jYWEtZm9vdGJhbGwtcGlja3MvbmVicmFza2EtbWlubmVzb3RhLWZvb3RiYWxsLWdhbWUtcHJlZGljdGlvbi1wcmV2aWV3LXdlZWstMS1jb2xsZWdlLWZvb3RiYWxsLXNjaGVkdWxl0gEA?hl=en-US&gl=US&ceid=US%3Aen
Gophers use timely big plays to stun Nebraska 13-10 in Big Ten football opener,Star Tribune,2023-09-01T04:07:44Z,https://news.google.com/articles/CBMie2h0dHBzOi8vd3d3LnN0YXJ0cmlidW5lLmNvbS9taW5uZXNvdGEtZ29waGVycy1uZWJyYXNrYS1jb3JuaHVza2Vycy1kYW5pZWwtamFja3Nvbi1jYXRjaC1kcmFnYW4ta2VzaWNoLWZpZWxkLWdvYWwvNjAwMzAxMzEwL9IBAA?hl=en-US&gl=US&ceid=US%3Aen
"With grand slam, Braves' Acuña records MLB's 1st-ever 30-60 season - ESPN",ESPN,2023-09-01T03:07:00Z,https://news.google.com/articles/CBMia2h0dHBzOi8vd3d3LmVzcG4uY29tL21sYi9zdG9yeS9fL2lkLzM4MzAyNzI1L3dpdGgtZ3JhbmQtc2xhbS1icmF2ZXMtYWN1bmEtcmVjb3Jkcy1tbGItMXN0LWV2ZXItMzAtNjAtc2Vhc29u0gF4aHR0cHM6Ly93d3cuZXNwbi5jb20vbWxiL3N0b3J5L18vaWQvMzgzMDI3MjUvd2l0aC1ncmFuZC1zbGFtLWJyYXZlcy1hY3VuYS1yZWNvcmRzLW1sYi0xc3QtZXZlci0zMC02MC1zZWFzb24_cGxhdGZvcm09YW1w?hl=en-US&gl=US&ceid=US%3Aen
BREAKING: Ronald Acuña Jr gets married to longtime girlfriend Maria Laborde,Sports Illustrated,2023-09-01T00:17:14Z,https://news.google.com/articles/CBMicmh0dHBzOi8vd3d3LnNpLmNvbS9tbGIvYnJhdmVzL25ld3MvYnJlYWtpbmctcm9uYWxkLWFjdSVDMyVCMWEtanItZ2V0cy1tYXJyaWVkLXRvLWxvbmd0aW1lLWdpcmxmcmllbmQtbWFyaWEtbGFib3JkZdIBAA?hl=en-US&gl=US&ceid=US%3Aen
Ronald Acuña Jr. first player with 30 homers 60 steals,MLB.com,2023-09-01T02:54:09Z,https://news.google.com/articles/CBMiTmh0dHBzOi8vd3d3Lm1sYi5jb20vbmV3cy9yb25hbGQtYWN1bmEtanItZmlyc3QtcGxheWVyLXdpdGgtMzAtaG9tZXJzLTYwLXN0ZWFsc9IBAA?hl=en-US&gl=US&ceid=US%3Aen
Braves' Ronald Acuna Jr. makes history with MLB's first 30-60 season,USA TODAY,2023-09-01T02:50:12Z,https://news.google.com/articles/CBMie2h0dHBzOi8vd3d3LnVzYXRvZGF5LmNvbS9zdG9yeS9zcG9ydHMvbWxiL2JyYXZlcy8yMDIzLzA4LzMxL3JvbmFsZC1hY3VuYS1qci1oaXN0b3J5LTMwLTYwLXNlYXNvbi1ob21lcnMtc3RlYWxzLzcwNzEzNTcxMDA3L9IBAA?hl=en-US&gl=US&ceid=US%3Aen
Aaron Rodgers says Jihad Ward 'making s*** up' as Jets-Giants feud escalates,Yahoo Sports,2023-08-31T23:34:37Z,https://news.google.com/articles/CBMib2h0dHBzOi8vc3BvcnRzLnlhaG9vLmNvbS9hYXJvbi1yb2RnZXJzLXNheXMtamloYWQtd2FyZC1tYWtpbmctcy11cC1hcy1qZXRzLWdpYW50cy1mZXVkLWVzY2FsYXRlcy0yMzM0MzcxMzAuaHRtbNIBd2h0dHBzOi8vc3BvcnRzLnlhaG9vLmNvbS9hbXBodG1sL2Fhcm9uLXJvZGdlcnMtc2F5cy1qaWhhZC13YXJkLW1ha2luZy1zLXVwLWFzLWpldHMtZ2lhbnRzLWZldWQtZXNjYWxhdGVzLTIzMzQzNzEzMC5odG1s?hl=en-US&gl=US&ceid=US%3Aen
Jets' Aaron Rodgers says Giants' Jihad Ward making stuff up - ESPN,ESPN,2023-08-31T21:40:00Z,https://news.google.com/articles/CBMiZmh0dHBzOi8vd3d3LmVzcG4uY29tL25mbC9zdG9yeS9fL2lkLzM4MzAwOTU2L2pldHMtYWFyb24tcm9kZ2Vycy1zYXlzLWdpYW50cy1qaWhhZC13YXJkLW1ha2luZy1zdHVmZi11cNIBc2h0dHBzOi8vd3d3LmVzcG4uY29tL25mbC9zdG9yeS9fL2lkLzM4MzAwOTU2L2pldHMtYWFyb24tcm9kZ2Vycy1zYXlzLWdpYW50cy1qaWhhZC13YXJkLW1ha2luZy1zdHVmZi11cD9wbGF0Zm9ybT1hbXA?hl=en-US&gl=US&ceid=US%3Aen
Rachel Nichols compares Hard Knocks to The Kardashians: ‘It’s not journalism.’,Awful Announcing,2023-08-31T19:01:02Z,https://news.google.com/articles/CBMiWWh0dHBzOi8vYXdmdWxhbm5vdW5jaW5nLmNvbS9uZmwvcmFjaGVsLW5pY2hvbHMtaGFyZC1rbm9ja3Mta2FyZGFzaGlhbnMtYWFyb24tcm9kZ2Vycy5odG1s0gFcaHR0cDovL2FtcC5hd2Z1bGFubm91bmNpbmcuY29tL25mbC9yYWNoZWwtbmljaG9scy1oYXJkLWtub2Nrcy1rYXJkYXNoaWFucy1hYXJvbi1yb2RnZXJzLmh0bWw?hl=en-US&gl=US&ceid=US%3Aen
Miami Dolphins Tyreek Hill jumps into his support of Jihad over Rodgers,Phin Phanitic,2023-08-31T13:49:12Z,https://news.google.com/articles/CBMic2h0dHBzOi8vcGhpbnBoYW5hdGljLmNvbS9wb3N0cy9taWFtaS1kb2xwaGlucy10eXJlZWstaGlsbC1qdW1wcy1pbnRvLWhpcy1zdXBwb3J0LW9mLWppaGFkLW92ZXItcm9kZ2Vycy0wMWg5NHcwbTNlcGjSAQA?hl=en-US&gl=US&ceid=US%3Aen
A Record Crowd Shows Buildup of Nebraska Volleyball and Women's Sports,The New York Times,2023-08-31T19:57:06Z,https://news.google.com/articles/CBMiSWh0dHBzOi8vd3d3Lm55dGltZXMuY29tLzIwMjMvMDgvMzEvc3BvcnRzL25lYnJhc2thLXZvbGxleWJhbGwtcmVjb3JkLmh0bWzSAQA?hl=en-US&gl=US&ceid=US%3Aen
Scotty McCreery Performs For Record Breaking Crowd Of 92000+,Country Now,2023-08-31T16:21:32Z,https://news.google.com/articles/CBMiU2h0dHBzOi8vY291bnRyeW5vdy5jb20vc2NvdHR5LW1jY3JlZXJ5LXBlcmZvcm1zLWZvci1yZWNvcmQtYnJlYWtpbmctY3Jvd2Qtb2YtOTIwMDAv0gEA?hl=en-US&gl=US&ceid=US%3Aen
"Richey | As Nebraska celebrates and Iowa preps, what about Illinois?",The News-Gazette,2023-08-31T10:00:00Z,https://news.google.com/articles/CBMilgFodHRwczovL3d3dy5uZXdzLWdhemV0dGUuY29tL3Nwb3J0cy9yaWNoZXktYXMtbmVicmFza2EtY2VsZWJyYXRlcy1hbmQtaW93YS1wcmVwcy13aGF0LWFib3V0LWlsbGlub2lzL2FydGljbGVfZmRmNDAxYzMtMjZiZS01NTFiLWI5YTEtZThlOTViNjJhNjk5Lmh0bWzSAQA?hl=en-US&gl=US&ceid=US%3Aen
Lincoln bar brought in almost 10 times more business on Volleyball Day in Nebraska,KLKN,2023-09-01T01:42:16Z,https://news.google.com/articles/CBMiamh0dHBzOi8vd3d3Lmtsa250di5jb20vbGluY29sbi1iYXItYnJvdWdodC1pbi1hbG1vc3QtMTAtdGltZXMtbW9yZS1idXNpbmVzcy1vbi12b2xsZXliYWxsLWRheS1pbi1uZWJyYXNrYS_SAQA?hl=en-US&gl=US&ceid=US%3Aen
"Manchester United, Arsenal, Newcastle and City Champions League draw takeaways",The Athletic,2023-08-31T22:59:53Z,https://news.google.com/articles/CBMiUGh0dHBzOi8vdGhlYXRobGV0aWMuY29tLzQ4MjEzNTYvMjAyMy8wOC8zMS9wcmVtaWVyLWxlYWd1ZS1jaGFtcGlvbnMtbGVhZ3VlLWRyYXcv0gFWaHR0cHM6Ly90aGVhdGhsZXRpYy5jb20vNDgyMTM1Ni8yMDIzLzA4LzMxL3ByZW1pZXItbGVhZ3VlLWNoYW1waW9ucy1sZWFndWUtZHJhdy8_YW1wPTE?hl=en-US&gl=US&ceid=US%3Aen
"UCL draw: Man Utd face Bayern; PSG meet Newcastle, AC Milan - ESPN",ESPN,2023-08-31T15:31:00Z,https://news.google.com/articles/CBMiX2h0dHBzOi8vd3d3LmVzcG4uY29tL3NvY2Nlci9zdG9yeS9fL2lkLzM4Mjk4NjEwL21hbi11dGQtZmFjZS1iYXllcm4tcHNnLW1lZXQtbmV3Y2FzdGxlLWFjLW1pbGFu0gFsaHR0cHM6Ly93d3cuZXNwbi5jb20vc29jY2VyL3N0b3J5L18vaWQvMzgyOTg2MTAvbWFuLXV0ZC1mYWNlLWJheWVybi1wc2ctbWVldC1uZXdjYXN0bGUtYWMtbWlsYW4_cGxhdGZvcm09YW1w?hl=en-US&gl=US&ceid=US%3Aen
"Tonali, Pulisic, Donnarumma, Maignan and more: The intriguing sub-plots in Group F",Sempre Milan,2023-08-31T17:14:37Z,https://news.google.com/articles/CBMiRmh0dHBzOi8vc2VtcHJlbWlsYW4uY29tL2dyb3VwLWYtc3ViLXBsb3RzLW1pbGFuLXBzZy1uZXdjYXN0bGUtZG9ydG11bmTSAUpodHRwczovL3NlbXByZW1pbGFuLmNvbS9ncm91cC1mLXN1Yi1wbG90cy1taWxhbi1wc2ctbmV3Y2FzdGxlLWRvcnRtdW5kL2FtcA?hl=en-US&gl=US&ceid=US%3Aen
"UCL: Inter Drawn with Benfica, Salzburg, and Real Sociedad",Serpents of Madonnina,2023-08-31T18:58:43Z,https://news.google.com/articles/CBMibmh0dHBzOi8vd3d3LnNlcnBlbnRzb2ZtYWRvbm5pbmEuY29tLzIwMjMvOC8zMS8yMzg1NDMyOS91Y2wtaW50ZXItZHJhd24td2l0aC1iZW5maWNhLXNhbHpidXJnLWFuZC1yZWFsLXNvY2llZGFk0gF7aHR0cHM6Ly93d3cuc2VycGVudHNvZm1hZG9ubmluYS5jb20vcGxhdGZvcm0vYW1wLzIwMjMvOC8zMS8yMzg1NDMyOS91Y2wtaW50ZXItZHJhd24td2l0aC1iZW5maWNhLXNhbHpidXJnLWFuZC1yZWFsLXNvY2llZGFk?hl=en-US&gl=US&ceid=US%3Aen
5 things to know about Patriots quarterback Matt Corral,Boston.com,2023-08-31T22:29:00Z,https://news.google.com/articles/CBMidmh0dHBzOi8vd3d3LmJvc3Rvbi5jb20vc3BvcnRzL25ldy1lbmdsYW5kLXBhdHJpb3RzLzIwMjMvMDgvMzEvNS10aGluZ3MtdG8ta25vdy1hYm91dC1wYXRyaW90cy1xdWFydGVyYmFjay1tYXR0LWNvcnJhbC_SAXxodHRwczovL3d3dy5ib3N0b24uY29tL3Nwb3J0cy9uZXctZW5nbGFuZC1wYXRyaW90cy8yMDIzLzA4LzMxLzUtdGhpbmdzLXRvLWtub3ctYWJvdXQtcGF0cmlvdHMtcXVhcnRlcmJhY2stbWF0dC1jb3JyYWwvP2FtcD0x?hl=en-US&gl=US&ceid=US%3Aen
Patriots claim former Panthers QB Matt Corral,ESPN,2023-08-31T20:44:00Z,https://news.google.com/articles/CBMiYWh0dHBzOi8vd3d3LmVzcG4uY29tL25mbC9zdG9yeS9fL2lkLzM4MzAwNjEzL3NvdXJjZS1wYXRyaW90cy1jbGFpbS1mb3JtZXItcGFudGhlcnMtcWItbWF0dC1jb3JyYWzSAQA?hl=en-US&gl=US&ceid=US%3Aen
Another Intriguing QB Option Emerges for the Vikings,purplePTSD.com,2023-08-31T14:15:00Z,https://news.google.com/articles/CBMiQWh0dHBzOi8vcHVycGxlcHRzZC5jb20vMjAyMy92aWtpbmdzL29waW5pb24vaW50cmlndWluZy1xYi1vcHRpb24v0gEA?hl=en-US&gl=US&ceid=US%3Aen
Former Panthers WR Damiere Byrd knew Patriots would claim Matt Corral,Panthers Wire,2023-09-01T00:00:00Z,https://news.google.com/articles/CBMiY2h0dHBzOi8vcGFudGhlcnN3aXJlLnVzYXRvZGF5LmNvbS8yMDIzLzA4LzMxL3BhdHJpb3RzLW1hdHQtY29ycmFsLXBhbnRoZXJzLXdyLWRhbWllcmUtYnlyZC13YWl2ZXJzL9IBAA?hl=en-US&gl=US&ceid=US%3Aen
"Fantasy Football: Breakout running backs for 2023 drafts | Fantasy Football News, Rankings and Projections",Pro Football Focus,2023-08-31T09:33:21Z,https://news.google.com/articles/CBMiUGh0dHBzOi8vd3d3LnBmZi5jb20vbmV3cy9mYW50YXN5LWZvb3RiYWxsLWJyZWFrb3V0LXJ1bm5pbmctYmFja3MtZm9yLTIwMjMtZHJhZnRz0gEA?hl=en-US&gl=US&ceid=US%3Aen
The most underrated 2023 fantasy football draft picks in Rounds 1-10,Yahoo Sports,2023-08-31T19:49:58Z,https://news.google.com/articles/CBMibGh0dHBzOi8vc3BvcnRzLnlhaG9vLmNvbS90aGUtbW9zdC11bmRlcnJhdGVkLTIwMjMtZmFudGFzeS1mb290YmFsbC1kcmFmdC1waWNrcy1pbi1yb3VuZHMtMS0xMC0xOTQ5NTg2MjEuaHRtbNIBdGh0dHBzOi8vc3BvcnRzLnlhaG9vLmNvbS9hbXBodG1sL3RoZS1tb3N0LXVuZGVycmF0ZWQtMjAyMy1mYW50YXN5LWZvb3RiYWxsLWRyYWZ0LXBpY2tzLWluLXJvdW5kcy0xLTEwLTE5NDk1ODYyMS5odG1s?hl=en-US&gl=US&ceid=US%3Aen
"Fantasy Index Podcast: Aug 30, 2023 - Bold Predictions for 2023",Fantasy Index,2023-08-30T18:27:06Z,https://news.google.com/articles/CBMiTWh0dHBzOi8vZmFudGFzeWluZGV4LmNvbS8yMDIzLzA4LzMwL3BvZGNhc3QvZmFudGFzeS1pbmRleC1wb2RjYXN0LWF1Zy0zMC0yMDIz0gEA?hl=en-US&gl=US&ceid=US%3Aen
Dynasty Buy/Sell/Hold: NFC West,Dynasty League Football,2023-08-31T12:01:16Z,https://news.google.com/articles/CBMiTGh0dHBzOi8vZHluYXN0eWxlYWd1ZWZvb3RiYWxsLmNvbS8yMDIzLzA4LzMxL2R5bmFzdHktYnV5LXNlbGwtaG9sZC1uZmMtd2VzdC_SAQA?hl=en-US&gl=US&ceid=US%3Aen
"Vikings, T.J. Hockenson agree to contract extension",Star Tribune,2023-08-31T22:31:33Z,https://news.google.com/articles/CBMiaWh0dHBzOi8vd3d3LnN0YXJ0cmlidW5lLmNvbS9taW5uZXNvdGEtdmlraW5ncy10ai1ob2NrZW5zb24tY29udHJhY3QtZXh0ZW5zaW9uLWp1c3Rpbi1qZWZmZXJzb24vNjAwMzAxMTQ3L9IBAA?hl=en-US&gl=US&ceid=US%3Aen
"Vikings' T.J. Hockenson signs historic deal for tight ends, source says - ESPN",ESPN,2023-08-31T15:09:00Z,https://news.google.com/articles/CBMiZmh0dHBzOi8vd3d3LmVzcG4uY29tL25mbC9zdG9yeS9fL2lkLzM4Mjk4NTA5L3Zpa2luZ3MtdGotaG9ja2Vuc29uLW5mbC1yaWNoZXN0LXRlcy1uZXctZGVhbC1zb3VyY2VzLXNhedIBc2h0dHBzOi8vd3d3LmVzcG4uY29tL25mbC9zdG9yeS9fL2lkLzM4Mjk4NTA5L3Zpa2luZ3MtdGotaG9ja2Vuc29uLW5mbC1yaWNoZXN0LXRlcy1uZXctZGVhbC1zb3VyY2VzLXNheT9wbGF0Zm9ybT1hbXA?hl=en-US&gl=US&ceid=US%3Aen
Kwesi Adofo-Mensah Unafraid to Roll the Dice,VikingsTerritory.com,2023-08-31T21:55:00Z,https://news.google.com/articles/CBMiP2h0dHBzOi8vdmlraW5nc3RlcnJpdG9yeS5jb20vMjAyMy9uZXdzL29waW5pb24vdW5hZnJhaWQtdG8tcm9sbNIBAA?hl=en-US&gl=US&ceid=US%3Aen
Vikings' T.J. Hockenson inks record-breaking $68.5 million deal,Fox News,2023-08-31T21:19:00Z,https://news.google.com/articles/CBMiWmh0dHBzOi8vd3d3LmZveG5ld3MuY29tL3Nwb3J0cy92aWtpbmdzLXRqLWhvY2tlbnNvbi1pbmtzLXJlY29yZC1icmVha2luZy02OC01LW1pbGxpb24tZGVhbNIBXmh0dHBzOi8vd3d3LmZveG5ld3MuY29tL3Nwb3J0cy92aWtpbmdzLXRqLWhvY2tlbnNvbi1pbmtzLXJlY29yZC1icmVha2luZy02OC01LW1pbGxpb24tZGVhbC5hbXA?hl=en-US&gl=US&ceid=US%3Aen
NC State DB Rakeim Ashford stretchered from field vs. UConn after blindside hit suffered during kick return,CBS Sports,2023-09-01T02:16:09Z,https://news.google.com/articles/CBMimwFodHRwczovL3d3dy5jYnNzcG9ydHMuY29tL2NvbGxlZ2UtZm9vdGJhbGwvbmV3cy9uYy1zdGF0ZS1kYi1yYWtlaW0tYXNoZm9yZC1zdHJldGNoZXJlZC1mcm9tLWZpZWxkLXZzLXVjb25uLWFmdGVyLWJsaW5kc2lkZS1oaXQtc3VmZmVyZWQtZHVyaW5nLWtpY2stcmV0dXJuL9IBnwFodHRwczovL3d3dy5jYnNzcG9ydHMuY29tL2NvbGxlZ2UtZm9vdGJhbGwvbmV3cy9uYy1zdGF0ZS1kYi1yYWtlaW0tYXNoZm9yZC1zdHJldGNoZXJlZC1mcm9tLWZpZWxkLXZzLXVjb25uLWFmdGVyLWJsaW5kc2lkZS1oaXQtc3VmZmVyZWQtZHVyaW5nLWtpY2stcmV0dXJuL2FtcC8?hl=en-US&gl=US&ceid=US%3Aen
NC State vs. UConn Game Highlights | 2023 ACC Football,ACC Digital Network,2023-09-01T03:06:07Z,https://news.google.com/articles/CCAiC3czZ3VyR3dKTnhFmAEB?hl=en-US&gl=US&ceid=US%3Aen
NC State defensive back Rakeim Ashford carted off field after scary collision,On3.com,2023-09-01T02:19:18Z,https://news.google.com/articles/CBMiZ2h0dHBzOi8vd3d3Lm9uMy5jb20vbmV3cy9uYy1zdGF0ZS1kZWZlbnNpdmUtYmFjay1yYWtlaW0tYXNoZm9yZC1jYXJ0ZWQtb2ZmLWZpZWxkLWFmdGVyLXNjYXJ5LWNvbGxpc2lvbi_SAQA?hl=en-US&gl=US&ceid=US%3Aen
UConn football opens season against NC State as underdogs,FOX 61,2023-08-31T22:30:43Z,https://news.google.com/articles/CCAiC25aVlR0VHliYVAwmAEB?hl=en-US&gl=US&ceid=US%3Aen
"Five things about Harrison Bader, claimed by Cincinnati from Yankees",The Cincinnati Enquirer,2023-09-01T00:26:59Z,https://news.google.com/articles/CBMijAFodHRwczovL3d3dy5jaW5jaW5uYXRpLmNvbS9zdG9yeS9zcG9ydHMvbWxiL3JlZHMvMjAyMy8wOC8zMS9maXZlLXRoaW5ncy1hYm91dC1oYXJyaXNvbi1iYWRlci1jbGFpbWVkLWJ5LWNpbmNpbm5hdGktZnJvbS15YW5rZWVzLzcwNzMyODEwMDA3L9IBAA?hl=en-US&gl=US&ceid=US%3Aen
Harrison Bader says goodbye to Yankees before joining Reds,YESNetwork,2023-08-31T20:29:26Z,https://news.google.com/articles/CCAiCzItRk5vemRZbjIwmAEB?hl=en-US&gl=US&ceid=US%3Aen
"Reds Claim Harrison Bader, Hunter Renfroe",MLB Trade Rumors,2023-08-31T19:09:24Z,https://news.google.com/articles/CBMiUmh0dHBzOi8vd3d3Lm1sYnRyYWRlcnVtb3JzLmNvbS8yMDIzLzA4L3JlZHMtY2xhaW0taGFycmlzb24tYmFkZXItZnJvbS15YW5rZWVzLmh0bWzSAQA?hl=en-US&gl=US&ceid=US%3Aen
Ex-Cardinals Star Claimed By Division Rival To Bolster Lineup For Playoff Run,Sports Illustrated,2023-09-01T00:49:34Z,https://news.google.com/articles/CBMif2h0dHBzOi8vd3d3LnNpLmNvbS9tbGIvY2FyZGluYWxzL2Fyb3VuZC1tbGIvZXgtY2FyZGluYWxzLXN0YXItY2xhaW1lZC1ieS1kaXZpc2lvbi1yaXZhbC10by1ib2xzdGVyLWxpbmV1cC1mb3ItcGxheW9mZi1ydW4tbmF0ZTPSAYQBaHR0cHM6Ly93d3cuc2kuY29tL21sYi9jYXJkaW5hbHMvLmFtcC9hcm91bmQtbWxiL2V4LWNhcmRpbmFscy1zdGFyLWNsYWltZWQtYnktZGl2aXNpb24tcml2YWwtdG8tYm9sc3Rlci1saW5ldXAtZm9yLXBsYXlvZmYtcnVuLW5hdGUz?hl=en-US&gl=US&ceid=US%3Aen
Elina Svitolina Checks in on Husband Gael Monfils in Adorable U.S. Open Moment,Sports Illustrated,2023-08-31T23:14:28Z,https://news.google.com/articles/CBMiaGh0dHBzOi8vd3d3LnNpLmNvbS9leHRyYS1tdXN0YXJkLzIwMjMvMDgvMzEvZWxpbmEtc3ZpdG9saW5hLWdhZWwtbW9uZmlscy11cy1vcGVuLWh1c2JhbmQtYWRvcmFibGUtbW9tZW500gFtaHR0cHM6Ly93d3cuc2kuY29tLy5hbXAvZXh0cmEtbXVzdGFyZC8yMDIzLzA4LzMxL2VsaW5hLXN2aXRvbGluYS1nYWVsLW1vbmZpbHMtdXMtb3Blbi1odXNiYW5kLWFkb3JhYmxlLW1vbWVudA?hl=en-US&gl=US&ceid=US%3Aen
Elina Svitolina checks in on husband Gael Monfils during her own US Open match,New York Post ,2023-09-01T00:15:00Z,https://news.google.com/articles/CBMiamh0dHBzOi8vbnlwb3N0LmNvbS8yMDIzLzA4LzMxL2VsaW5hLXN2aXRvbGluYS1hc2tzLXVzLW9wZW4tdW1waXJlLWFib3V0LWh1c2JhbmQtZ2FlbC1tb25maWxzLWR1cmluZy1tYXRjaC_SAW5odHRwczovL255cG9zdC5jb20vMjAyMy8wOC8zMS9lbGluYS1zdml0b2xpbmEtYXNrcy11cy1vcGVuLXVtcGlyZS1hYm91dC1odXNiYW5kLWdhZWwtbW9uZmlscy1kdXJpbmctbWF0Y2gvYW1wLw?hl=en-US&gl=US&ceid=US%3Aen
Svitolina Has the Power Now,Tennis Now,2023-08-31T23:13:43Z,https://news.google.com/articles/CBMiWmh0dHBzOi8vd3d3LnRlbm5pc25vdy5jb20vQmxvZ3MvTkVULVBPU1RTL0F1Z3VzdC0yMDIzLSgxKS9Tdml0b2xpbmEtSGFzLXRoZS1Qb3dlci1Ob3cuYXNweNIBAA?hl=en-US&gl=US&ceid=US%3Aen
Svitolina advances to US Open third round after comeback win,WTA Tennis,2023-08-31T23:04:24Z,https://news.google.com/articles/CBMiY2h0dHBzOi8vd3d3Lnd0YXRlbm5pcy5jb20vbmV3cy8zNjYzMTQ0L3N2aXRvbGluYS1hZHZhbmNlcy10by11cy1vcGVuLXRoaXJkLXJvdW5kLWFmdGVyLWNvbWViYWNrLXdpbtIBAA?hl=en-US&gl=US&ceid=US%3Aen
John Isner caps tennis career with loss to Michael Mmoh at U.S. Open,The Washington Post,2023-09-01T00:59:41Z,https://news.google.com/articles/CBMiTWh0dHBzOi8vd3d3Lndhc2hpbmd0b25wb3N0LmNvbS9zcG9ydHMvMjAyMy8wOC8zMS9qb2huLWlzbmVyLXVzLW9wZW4tZmFyZXdlbGwv0gEA?hl=en-US&gl=US&ceid=US%3Aen
Michael Mmoh ends John Isner's career with 5-set win at US Open - ESPN,ESPN,2023-08-31T19:56:00Z,https://news.google.com/articles/CBMiZWh0dHBzOi8vd3d3LmVzcG4uY29tL3Rlbm5pcy9zdG9yeS9fL2lkLzM4MzAwMjA3L21pY2hhZWwtbW1vaC1lbmRzLWpvaG4taXNuZXItY2FyZWVyLTUtc2V0LXdpbi11cy1vcGVu0gFyaHR0cHM6Ly93d3cuZXNwbi5jb20vdGVubmlzL3N0b3J5L18vaWQvMzgzMDAyMDcvbWljaGFlbC1tbW9oLWVuZHMtam9obi1pc25lci1jYXJlZXItNS1zZXQtd2luLXVzLW9wZW4_cGxhdGZvcm09YW1w?hl=en-US&gl=US&ceid=US%3Aen
John Isner's tennis career ends with five-set US Open heartbreaker,New York Post ,2023-08-31T19:56:00Z,https://news.google.com/articles/CBMiWGh0dHBzOi8vbnlwb3N0LmNvbS8yMDIzLzA4LzMxL2pvaG4taXNuZXJzLWNhcmVlci1lbmRzLWFmdGVyLWZpdmUtc2V0LXVzLW9wZW4taGVhcnRicmVhay_SAVxodHRwczovL255cG9zdC5jb20vMjAyMy8wOC8zMS9qb2huLWlzbmVycy1jYXJlZXItZW5kcy1hZnRlci1maXZlLXNldC11cy1vcGVuLWhlYXJ0YnJlYWsvYW1wLw?hl=en-US&gl=US&ceid=US%3Aen
US Open 2023: John Isner's 17-year singles career ends in 5-set loss to Michael Mmoh,Yahoo Sports,2023-08-31T23:10:51Z,https://news.google.com/articles/CBMiemh0dHBzOi8vc3BvcnRzLnlhaG9vLmNvbS91cy1vcGVuLTIwMjMtam9obi1pc25lcnMtMTcteWVhci1zaW5nbGVzLWNhcmVlci1lbmRzLWluLTUtc2V0LWxvc3MtdG8tbWljaGFlbC1tbW9oLTIzMTA1MTE5OC5odG1s0gGCAWh0dHBzOi8vc3BvcnRzLnlhaG9vLmNvbS9hbXBodG1sL3VzLW9wZW4tMjAyMy1qb2huLWlzbmVycy0xNy15ZWFyLXNpbmdsZXMtY2FyZWVyLWVuZHMtaW4tNS1zZXQtbG9zcy10by1taWNoYWVsLW1tb2gtMjMxMDUxMTk4Lmh0bWw?hl=en-US&gl=US&ceid=US%3Aen
Spectrum cuts off ESPN at start of Utah vs. Florida: How to watch without cable,FanSided,2023-09-01T00:18:15Z,https://news.google.com/articles/CBMiU2h0dHBzOi8vZmFuc2lkZWQuY29tL3Bvc3RzL3NwZWN0cnVtLWVzcG4tdXRhaC12cy1mbG9yaWRhLWhvdy10by13YXRjaC13aXRob3V0LWNhYmxl0gEA?hl=en-US&gl=US&ceid=US%3Aen
"Disney Channels, Including ABC and ESPN, Go Dark on Charter Spectrum In Major Carriage Dispute",Hollywood Reporter,2023-09-01T00:45:00Z,https://news.google.com/articles/CBMidmh0dHBzOi8vd3d3LmhvbGx5d29vZHJlcG9ydGVyLmNvbS9idXNpbmVzcy9idXNpbmVzcy1uZXdzL2VzcG4tYWJjLXB1bGxlZC1jaGFydGVyLXNwZWN0cnVtLWNhcnJpYWdlLWRpc3B1dGUtMTIzNTU3OTY0Mi_SAXpodHRwczovL3d3dy5ob2xseXdvb2RyZXBvcnRlci5jb20vYnVzaW5lc3MvYnVzaW5lc3MtbmV3cy9lc3BuLWFiYy1wdWxsZWQtY2hhcnRlci1zcGVjdHJ1bS1jYXJyaWFnZS1kaXNwdXRlLTEyMzU1Nzk2NDIvYW1wLw?hl=en-US&gl=US&ceid=US%3Aen
"Spectrum customers could lose access to ESPN, other Disney-owned channels",The Columbus Dispatch,2023-08-31T19:08:54Z,https://news.google.com/articles/CBMipwFodHRwczovL3d3dy5kaXNwYXRjaC5jb20vc3Rvcnkvc3BvcnRzL2NvbGxlZ2UvZm9vdGJhbGwvMjAyMy8wOC8zMS9zcGVjdHJ1bS1jdXN0b21lcnMtY291bGQtbG9zZS1hY2Nlc3MtdG8tZXNwbi1vdGhlci1kaXNuZXktb3duZWQtY2hhbm5lbHMtY29sbGVnZS1nYW1lZGF5LzcwNzI5NzMwMDA3L9IBAA?hl=en-US&gl=US&ceid=US%3Aen
"News: Charter-ESPN, Penguins RSN, ACC",Sports Media Watch,2023-09-01T03:17:29Z,https://news.google.com/articles/CBMid2h0dHBzOi8vd3d3LnNwb3J0c21lZGlhd2F0Y2guY29tLzIwMjMvMDgvY2hhcnRlci1zcGVjdHJ1bS1kcm9wcy1lc3BuLXBlbmd1aW5zLWFjcXVpcmUtcnNuLW5vcnRoLWNhcm9saW5hLWFjYy1leHBhbnNpb24v0gEA?hl=en-US&gl=US&ceid=US%3Aen
Braves vs. Dodgers game thread,Battery Power,2023-09-01T01:15:00Z,https://news.google.com/articles/CBMiWGh0dHBzOi8vd3d3LmJhdHRlcnlwb3dlci5jb20vMjAyMy84LzMxLzIzODU0NzcwL2JyYXZlcy12cy1kb2RnZXJzLWdhbWUtdGhyZWFkLWRpc2N1c3Npb27SAWVodHRwczovL3d3dy5iYXR0ZXJ5cG93ZXIuY29tL3BsYXRmb3JtL2FtcC8yMDIzLzgvMzEvMjM4NTQ3NzAvYnJhdmVzLXZzLWRvZGdlcnMtZ2FtZS10aHJlYWQtZGlzY3Vzc2lvbg?hl=en-US&gl=US&ceid=US%3Aen
Is the #2 seed in the National League a better draw than the #1 seed?,Sports Illustrated,2023-08-31T01:46:50Z,https://news.google.com/articles/CBMiaWh0dHBzOi8vd3d3LnNpLmNvbS9tbGIvYnJhdmVzL2FuYWx5c2lzL2lzLXRoZS0yLXNlZWQtaW4tdGhlLW5hdGlvbmFsLWxlYWd1ZS1hLWJldHRlci1kcmF3LXRoYW4tdGhlLTEtc2VlZNIBAA?hl=en-US&gl=US&ceid=US%3Aen
"Atlanta Braves at Los Angeles Dodgers odds, picks and predictions",USA TODAY Sportsbook Wire,2023-08-31T18:43:00Z,https://news.google.com/articles/CBMicmh0dHBzOi8vc3BvcnRzYm9va3dpcmUudXNhdG9kYXkuY29tLzIwMjMvMDgvMzEvYXRsYW50YS1icmF2ZXMtYXQtbG9zLWFuZ2VsZXMtZG9kZ2Vycy1vZGRzLXBpY2tzLWFuZC1wcmVkaWN0aW9ucy0zL9IBAA?hl=en-US&gl=US&ceid=US%3Aen
"PTBNL Episode 54: Braves running away with NL East, Ronald Acuña Jr, MVP race and more",Battery Power,2023-08-31T11:00:00Z,https://news.google.com/articles/CBMijwFodHRwczovL3d3dy5iYXR0ZXJ5cG93ZXIuY29tLzIwMjMvOC8zMS8yMzg1MzI3OS9wdGJubC1lcGlzb2RlLTU0LWJyYXZlcy1kaXNtYW50bGluZy1ubC13ZWlyZC1pbmNpZGVudC1hY3VuYS1mYW5zLW1vcnRvbi1vbi1maXJlLWRvZGdlcnMtcHJldmlld9IBnAFodHRwczovL3d3dy5iYXR0ZXJ5cG93ZXIuY29tL3BsYXRmb3JtL2FtcC8yMDIzLzgvMzEvMjM4NTMyNzkvcHRibmwtZXBpc29kZS01NC1icmF2ZXMtZGlzbWFudGxpbmctbmwtd2VpcmQtaW5jaWRlbnQtYWN1bmEtZmFucy1tb3J0b24tb24tZmlyZS1kb2RnZXJzLXByZXZpZXc?hl=en-US&gl=US&ceid=US%3Aen
"ACC meeting on Stanford, Cal, SMU rescheduled for Friday: Sources",The Athletic,2023-08-31T21:16:02Z,https://news.google.com/articles/CBMiSGh0dHBzOi8vdGhlYXRobGV0aWMuY29tLzQ4MjMzNDMvMjAyMy8wOC8zMS9hY2Mtc3RhbmZvcmQtY2FsLXNtdS1tZWV0aW5nL9IBTmh0dHBzOi8vdGhlYXRobGV0aWMuY29tLzQ4MjMzNDMvMjAyMy8wOC8zMS9hY2Mtc3RhbmZvcmQtY2FsLXNtdS1tZWV0aW5nLz9hbXA9MQ?hl=en-US&gl=US&ceid=US%3Aen
College football realignment: 1 ACC school makes expansion decision,Sports Illustrated,2023-09-01T01:39:38Z,https://news.google.com/articles/CBMidWh0dHBzOi8vd3d3LnNpLmNvbS9mYW5uYXRpb24vY29sbGVnZS9jZmItaHEvbmNhYS1mb290YmFsbC9jb2xsZWdlLWZvb3RiYWxsLXJlYWxpZ25tZW50LTEtYWNjLXNjaG9vbC1hZ2FpbnN0LWV4cGFuc2lvbtIBAA?hl=en-US&gl=US&ceid=US%3Aen
"Adding Cal, Stanford and SMU is the best bad idea the ACC has",Raleigh News & Observer,2023-08-31T19:57:00Z,https://news.google.com/articles/CBMiV2h0dHBzOi8vd3d3Lm5ld3NvYnNlcnZlci5jb20vc3BvcnRzL3NwdC1jb2x1bW5zLWJsb2dzL2x1a2UtZGVjb2NrL2FydGljbGUyNzg4MjU4MDkuaHRtbNIBV2h0dHBzOi8vYW1wLm5ld3NvYnNlcnZlci5jb20vc3BvcnRzL3NwdC1jb2x1bW5zLWJsb2dzL2x1a2UtZGVjb2NrL2FydGljbGUyNzg4MjU4MDkuaHRtbA?hl=en-US&gl=US&ceid=US%3Aen
UNC insider: How the ACC can save itself from conference realignment madness | Opinion,Charlotte Observer,2023-08-30T15:37:00Z,https://news.google.com/articles/CBMiP2h0dHBzOi8vd3d3LmNoYXJsb3R0ZW9ic2VydmVyLmNvbS9vcGluaW9uL2FydGljbGUyNzg3MzQ4ODQuaHRtbNIBP2h0dHBzOi8vYW1wLmNoYXJsb3R0ZW9ic2VydmVyLmNvbS9vcGluaW9uL2FydGljbGUyNzg3MzQ4ODQuaHRtbA?hl=en-US&gl=US&ceid=US%3Aen
"Rams WR Cooper Kupp suffers 'setback' in return from hamstring injury, considered day-to-day ahead of Week 1",CBS Sports,2023-08-31T21:48:04Z,https://news.google.com/articles/CBMijQFodHRwczovL3d3dy5jYnNzcG9ydHMuY29tL25mbC9uZXdzL3JhbXMtd3ItY29vcGVyLWt1cHAtc3VmZmVycy1zZXRiYWNrLWluLXJldHVybi1mcm9tLWhhbXN0cmluZy1pbmp1cnktY29uc2lkZXJlZC1kYXktdG8tZGF5LWFoZWFkLW9mLXdlZWstMS_SAZEBaHR0cHM6Ly93d3cuY2Jzc3BvcnRzLmNvbS9uZmwvbmV3cy9yYW1zLXdyLWNvb3Blci1rdXBwLXN1ZmZlcnMtc2V0YmFjay1pbi1yZXR1cm4tZnJvbS1oYW1zdHJpbmctaW5qdXJ5LWNvbnNpZGVyZWQtZGF5LXRvLWRheS1haGVhZC1vZi13ZWVrLTEvYW1wLw?hl=en-US&gl=US&ceid=US%3Aen
"Rams WR Cooper Kupp (hamstring) suffers setback, day-to-day - ESPN",ESPN,2023-08-31T21:51:00Z,https://news.google.com/articles/CBMiYmh0dHBzOi8vd3d3LmVzcG4uY29tL25mbC9zdG9yeS9fL2lkLzM4MzAwOTc0L3JhbXMtd3ItY29vcGVyLWt1cHAtaGFtc3RyaW5nLXN1ZmZlcnMtc2V0YmFjay1kYXktZGF50gFvaHR0cHM6Ly93d3cuZXNwbi5jb20vbmZsL3N0b3J5L18vaWQvMzgzMDA5NzQvcmFtcy13ci1jb29wZXIta3VwcC1oYW1zdHJpbmctc3VmZmVycy1zZXRiYWNrLWRheS1kYXk_cGxhdGZvcm09YW1w?hl=en-US&gl=US&ceid=US%3Aen
"Cooper Kupp suffers setback to hamstring injury, considered day-to-day",Rams Wire,2023-08-31T21:33:00Z,https://news.google.com/articles/CBMiXGh0dHBzOi8vdGhlcmFtc3dpcmUudXNhdG9kYXkuY29tLzIwMjMvMDgvMzEvcmFtcy1jb29wZXIta3VwcC1oYW1zdHJpbmctaW5qdXJ5LXdlZWstMS1zdGF0dXMv0gEA?hl=en-US&gl=US&ceid=US%3Aen
Rams WR Cooper Kupp day to day after suffering 'setback' with hamstring,NFL.com,2023-08-31T21:29:00Z,https://news.google.com/articles/CBMiXmh0dHBzOi8vd3d3Lm5mbC5jb20vbmV3cy9yYW1zLXdyLWNvb3Blci1rdXBwLWRheS10by1kYXktYWZ0ZXItc3VmZmVyaW5nLXNldGJhY2std2l0aC1oYW1zdHJpbmfSAQA?hl=en-US&gl=US&ceid=US%3Aen
Romi Bean sits down with Coach Prime for Coach Prime's Playbook ahead of the season opener against TCU,CBS Colardo,2023-09-01T00:30:09Z,https://news.google.com/articles/CBMijAFodHRwczovL3d3dy5jYnNuZXdzLmNvbS9jb2xvcmFkby9uZXdzL3JvbWktYmVhbi1zaXRzLWRvd24td2l0aC1jb2FjaC1wcmltZS1mb3ItY29hY2gtcHJpbWVzLXBsYXlib29rLWFoZWFkLW9mLXRoZS1zZWFzb24tb3BlbmVyLWFnYWluc3QtdGN1L9IBkAFodHRwczovL3d3dy5jYnNuZXdzLmNvbS9hbXAvY29sb3JhZG8vbmV3cy9yb21pLWJlYW4tc2l0cy1kb3duLXdpdGgtY29hY2gtcHJpbWUtZm9yLWNvYWNoLXByaW1lcy1wbGF5Ym9vay1haGVhZC1vZi10aGUtc2Vhc29uLW9wZW5lci1hZ2FpbnN0LXRjdS8?hl=en-US&gl=US&ceid=US%3Aen
"Colorado vs. TCU Predictions, Picks, Best Bets & Odds for CFB Week 1",Sports Illustrated,2023-08-31T14:34:00Z,https://news.google.com/articles/CBMiemh0dHBzOi8vd3d3LnNpLmNvbS9jb2xsZWdlL2NvbG9yYWRvL2JldHRpbmcvY29sb3JhZG8tdnMtdGN1LXByZWRpY3Rpb25zLXBpY2tzLWJlc3QtYmV0cy1vZGRzLWZvci1jZmItd2Vlay0xLWF1Z3VzdC0zMS0yMDIz0gEA?hl=en-US&gl=US&ceid=US%3Aen
"With week one looming, are the Buffs actually ready for Prime Time?",Denver Sports,2023-08-31T11:40:43Z,https://news.google.com/articles/CBMiY2h0dHBzOi8vZGVudmVyc3BvcnRzLmNvbS8yMTA3MjQ2L3dpdGgtd2Vlay1vbmUtbG9vbWluZy1hcmUtdGhlLWJ1ZmZzLWFjdHVhbGx5LXJlYWR5LWZvci1wcmltZS10aW1lL9IBAA?hl=en-US&gl=US&ceid=US%3Aen
Deion Sanders: 5 ways he could surprise at Colorado in Year 1 (or not),USA TODAY,2023-08-31T10:34:24Z,https://news.google.com/articles/CBMic2h0dHBzOi8vd3d3LnVzYXRvZGF5LmNvbS9zdG9yeS9zcG9ydHMvbmNhYWYvMjAyMy8wOC8zMS9kZWlvbi1zYW5kZXJzLWNvbG9yYWRvLWJ1ZmZhbG9lcy1jb3VsZC1zdXJwcmlzZS83MDcxMjA0NDAwNy_SAQA?hl=en-US&gl=US&ceid=US%3Aen
"Picking a winner in every NFL division, plus ranking teams most likely to go from worst to first in 2023",CBS Sports,2023-08-31T17:05:50Z,https://news.google.com/articles/CBMiiwFodHRwczovL3d3dy5jYnNzcG9ydHMuY29tL25mbC9uZXdzL3BpY2tpbmctYS13aW5uZXItaW4tZXZlcnktbmZsLWRpdmlzaW9uLXBsdXMtcmFua2luZy10ZWFtcy1tb3N0LWxpa2VseS10by1nby1mcm9tLXdvcnN0LXRvLWZpcnN0LWluLTIwMjMv0gGPAWh0dHBzOi8vd3d3LmNic3Nwb3J0cy5jb20vbmZsL25ld3MvcGlja2luZy1hLXdpbm5lci1pbi1ldmVyeS1uZmwtZGl2aXNpb24tcGx1cy1yYW5raW5nLXRlYW1zLW1vc3QtbGlrZWx5LXRvLWdvLWZyb20td29yc3QtdG8tZmlyc3QtaW4tMjAyMy9hbXAv?hl=en-US&gl=US&ceid=US%3Aen
"NFL playoff predictions: Picking eight division winners, six wild-card teams for 2023 season",NFL.com,2023-08-31T12:40:00Z,https://news.google.com/articles/CBMiY2h0dHBzOi8vd3d3Lm5mbC5jb20vbmV3cy9uZmwtcGxheW9mZi1wcmVkaWN0aW9ucy1waWNraW5nLWVpZ2h0LWRpdmlzaW9uLXdpbm5lcnMtc2l4LXdpbGQtY2FyZC10ZWFtc9IBAA?hl=en-US&gl=US&ceid=US%3Aen
"AFC East: Dolphins catching up on Bills, Jets’ new hope in an old QB, Patriots in flux",Miami Herald,2023-08-31T12:00:00Z,https://news.google.com/articles/CBMiOGh0dHBzOi8vd3d3Lm1pYW1paGVyYWxkLmNvbS9zcG9ydHMvYXJ0aWNsZTI3Nzc1NzU4OC5odG1s0gE4aHR0cHM6Ly9hbXAubWlhbWloZXJhbGQuY29tL3Nwb3J0cy9hcnRpY2xlMjc3NzU3NTg4Lmh0bWw?hl=en-US&gl=US&ceid=US%3Aen
NFL 2023 team tiers: Where does each NFC squad stand before kickoff?,Yahoo Sports,2023-08-31T13:00:01Z,https://news.google.com/articles/CBMiamh0dHBzOi8vc3BvcnRzLnlhaG9vLmNvbS9uZmwtMjAyMy10ZWFtLXRpZXJzLXdoZXJlLWRvZXMtZWFjaC1uZmMtc3F1YWQtc3RhbmQtYmVmb3JlLWtpY2tvZmYtMTMwMDAxMzkyLmh0bWzSAXJodHRwczovL3Nwb3J0cy55YWhvby5jb20vYW1waHRtbC9uZmwtMjAyMy10ZWFtLXRpZXJzLXdoZXJlLWRvZXMtZWFjaC1uZmMtc3F1YWQtc3RhbmQtYmVmb3JlLWtpY2tvZmYtMTMwMDAxMzkyLmh0bWw?hl=en-US&gl=US&ceid=US%3Aen
Haboob blows through Mountain America Stadium during football game,The Arizona Republic,2023-09-01T04:18:45Z,https://news.google.com/articles/CBMijAFodHRwczovL3d3dy5hemNlbnRyYWwuY29tL3N0b3J5L3Nwb3J0cy9jb2xsZWdlL2FzdS8yMDIzLzA4LzMxL2hhYm9vYi1ibG93cy10aHJvdWdoLW1vdW50YWluLWFtZXJpY2Etc3RhZGl1bS1oZWxwaW5nLWFzdS1vZmZlbnNlLzcwNzM0OTA2MDA3L9IBAA?hl=en-US&gl=US&ceid=US%3Aen
"Dust, rain impact opening night for Arizona State football",Arizona Sports,2023-09-01T03:46:00Z,https://news.google.com/articles/CBMiU2h0dHBzOi8vYXJpem9uYXNwb3J0cy5jb20vc3RvcnkvMzUzMzAwNC9hcml6b25hLXN0YXRlLWZvb3RiYWxsLWJsb3dpbmctZHVzdC1oYWJvb2Iv0gEA?hl=en-US&gl=US&ceid=US%3Aen
New concession options available at Mountain America Stadium in Tempe,AZFamily | Arizona News,2023-08-31T15:33:02Z,https://news.google.com/articles/CCAiCy1jUjV6RVQ0OHdzmAEB?hl=en-US&gl=US&ceid=US%3Aen
"Arizona State football vs. Southern Utah updates, analysis, score",The Arizona Republic,2023-09-01T04:05:59Z,https://news.google.com/articles/CBMihgFodHRwczovL3d3dy5hemNlbnRyYWwuY29tL3N0b3J5L3Nwb3J0cy9jb2xsZWdlL2FzdS8yMDIzLzA4LzMxL2FyaXpvbmEtc3RhdGUtZm9vdGJhbGwtc291dGhlcm4tdXRhaC11cGRhdGVzLWFuYWx5c2lzLXNjb3JlLzcwNzIzMjQ1MDA3L9IBAA?hl=en-US&gl=US&ceid=US%3Aen
FIFA president Infantino: World Cup kiss shouldn't have happened,USA TODAY,2023-09-01T00:40:05Z,https://news.google.com/articles/CBMihwFodHRwczovL3d3dy51c2F0b2RheS5jb20vc3Rvcnkvc3BvcnRzL3NvY2Nlci93b3JsZGN1cC8yMDIzLzA4LzMxL2ZpZmEtcHJlc2lkZW50LWluZmFudGluby13b3JsZC1jdXAta2lzcy1zaG91bGQtbm90LWhhcHBlbi83MDczMjU5MjAwNy_SAQA?hl=en-US&gl=US&ceid=US%3Aen
"Mother of Spanish soccer chief Luis Rubiales released from hospital after church hunger strike, according to reports",CNN,2023-08-31T15:46:00Z,https://news.google.com/articles/CBMiZmh0dHBzOi8vd3d3LmNubi5jb20vMjAyMy8wOC8zMC9mb290YmFsbC93d2Mtc3BhaW4tcnViaWFsZXMtbW90aGVyLWhvc3BpdGFsaXplZC1zcHQtaW50bC1obmsvaW5kZXguaHRtbNIBAA?hl=en-US&gl=US&ceid=US%3Aen
Foul play by Spanish football chief spoils the game,South China Morning Post,2023-08-31T17:00:43Z,https://news.google.com/articles/CBMiYWh0dHBzOi8vd3d3LnNjbXAuY29tL2NvbW1lbnQvb3Bpbmlvbi9hcnRpY2xlLzMyMzMwMDgvZm91bC1wbGF5LXNwYW5pc2gtZm9vdGJhbGwtY2hpZWYtc3BvaWxzLWdhbWXSAWFodHRwczovL2FtcC5zY21wLmNvbS9jb21tZW50L29waW5pb24vYXJ0aWNsZS8zMjMzMDA4L2ZvdWwtcGxheS1zcGFuaXNoLWZvb3RiYWxsLWNoaWVmLXNwb2lscy1nYW1l?hl=en-US&gl=US&ceid=US%3Aen
"World Cup kiss: feminist progress is always met with backlash, but Spain's #MeToo moment shows things are changing",The Conversation,2023-08-31T15:24:23Z,https://news.google.com/articles/CBMikQFodHRwczovL3RoZWNvbnZlcnNhdGlvbi5jb20vd29ybGQtY3VwLWtpc3MtZmVtaW5pc3QtcHJvZ3Jlc3MtaXMtYWx3YXlzLW1ldC13aXRoLWJhY2tsYXNoLWJ1dC1zcGFpbnMtbWV0b28tbW9tZW50LXNob3dzLXRoaW5ncy1hcmUtY2hhbmdpbmctMjEyNDkw0gEA?hl=en-US&gl=US&ceid=US%3Aen
"Anthony Volpe reaches 20/20 mark, makes Yankees history",YESNetwork,2023-08-31T21:06:21Z,https://news.google.com/articles/CCAiC0plNVptX0c3VVNNmAEB?hl=en-US&gl=US&ceid=US%3Aen
Gleyber Torres' game-ending gaffe blows Anthony Volpe's big Yankees moment,New York Post ,2023-08-31T20:23:00Z,https://news.google.com/articles/CBMiV2h0dHBzOi8vbnlwb3N0LmNvbS8yMDIzLzA4LzMxL2FudGhvbnktdm9scGVzLWhvbWVyLWNhbnQtc2F2ZS15YW5rZWVzLWluLWxvc3MtdG8tdGlnZXJzL9IBW2h0dHBzOi8vbnlwb3N0LmNvbS8yMDIzLzA4LzMxL2FudGhvbnktdm9scGVzLWhvbWVyLWNhbnQtc2F2ZS15YW5rZWVzLWluLWxvc3MtdG8tdGlnZXJzL2FtcC8?hl=en-US&gl=US&ceid=US%3Aen
"Detroit Tigers waste lead but rally to beat New York Yankees, 4-3 (10)",Detroit Free Press,2023-08-31T20:34:43Z,https://news.google.com/articles/CBMiiQFodHRwczovL3d3dy5mcmVlcC5jb20vc3Rvcnkvc3BvcnRzL21sYi90aWdlcnMvMjAyMy8wOC8zMS9kZXRyb2l0LXRpZ2Vycy13YXN0ZS1sZWFkLWJ1dC1yYWxseS10by1iZWF0LW5ldy15b3JrLXlhbmtlZXMtNC0zLTEwLzcwNzI5OTE0MDA3L9IBAA?hl=en-US&gl=US&ceid=US%3Aen
"Yankees 3-4 Tigers (Aug 31, 2023) Game Recap",ESPN,2023-08-31T22:07:30Z,https://news.google.com/articles/CBMiMWh0dHBzOi8vd3d3LmVzcG4uY29tL21sYi9yZWNhcC9fL2dhbWVJZC80MDE0NzMwMjbSAQA?hl=en-US&gl=US&ceid=US%3Aen
"Report: Packers, Dolphins were willing to make Jonathan Taylor ""among"" highest-paid running backs in NFL",Yahoo Sports,2023-08-31T22:54:48Z,https://news.google.com/articles/CBMiTGh0dHBzOi8vc3BvcnRzLnlhaG9vLmNvbS9yZXBvcnQtcGFja2Vycy1kb2xwaGlucy13ZXJlLXdpbGxpbmctMjI1NDQ4NzcyLmh0bWzSAVRodHRwczovL3Nwb3J0cy55YWhvby5jb20vYW1waHRtbC9yZXBvcnQtcGFja2Vycy1kb2xwaGlucy13ZXJlLXdpbGxpbmctMjI1NDQ4NzcyLmh0bWw?hl=en-US&gl=US&ceid=US%3Aen
Rich Eisen on What Happens Next in the Colts-Jonathan Taylor Standoff | The Rich Eisen Show,The Rich Eisen Show,2023-08-31T21:30:03Z,https://news.google.com/articles/CCAiC0JUeXYwZVBobHBNmAEB?hl=en-US&gl=US&ceid=US%3Aen
"Dolphins, Packers Willing To Pay Jonathan Taylor Among Highest-Paid RBs",profootballrumors.com,2023-09-01T04:08:00Z,https://news.google.com/articles/CBMicGh0dHBzOi8vd3d3LnByb2Zvb3RiYWxscnVtb3JzLmNvbS8yMDIzLzA4L2RvbHBoaW5zLXBhY2tlcnMtd2lsbGluZy10by1wYXktam9uYXRoYW4tdGF5bG9yLWFtb25nLWhpZ2hlc3QtcGFpZC1yYnPSAQA?hl=en-US&gl=US&ceid=US%3Aen
"NFL rumors: Saints called out, Bills keep adding, Dolphins shut down trade talk",FanSided,2023-08-31T00:45:32Z,https://news.google.com/articles/CBMiRGh0dHBzOi8vZmFuc2lkZWQuY29tL3Bvc3RzL25mbC1ydW1vcnMtc2FpbnRzLWJpbGxzLWRvbHBoaW5zLXdhZGRsZS8z0gEA?hl=en-US&gl=US&ceid=US%3Aen
Noah Lyles vs. Erriyon Knighton 200m rematch in Zurich comes down to final stretch | NBC Sports,NBC Sports,2023-08-31T20:36:23Z,https://news.google.com/articles/CCAiC2ZpOWtPQWRpZ2hzmAEB?hl=en-US&gl=US&ceid=US%3Aen
Zurich Diamond League 2023: Noah Lyles holds off Erriyon Knighton to win 200m,Olympics,2023-08-31T19:49:00Z,https://news.google.com/articles/CBMiYGh0dHBzOi8vb2x5bXBpY3MuY29tL2VuL25ld3MvenVyaWNoLWRpYW1vbmQtbGVhZ3VlLTIwMjMtbm9haC1seWxlcy0yMDBtLWVycml5b24ta25pZ2h0b24tcmVzdWx0c9IBAA?hl=en-US&gl=US&ceid=US%3Aen
"6 Thoughts on 2023 Zurich DL: Nuguse's Incredible Diamond League Season, Fisher Is Back, & More",LetsRun.com,2023-08-31T23:45:00Z,https://news.google.com/articles/CBMif2h0dHBzOi8vd3d3LmxldHNydW4uY29tL25ld3MvMjAyMy8wOC82LXRob3VnaHRzLW9uLTIwMjMtenVyaWNoLWRsLW51Z3VzZXMtaW5jcmVkaWJsZS1kaWFtb25kLWxlYWd1ZS1zZWFzb24tZmlzaGVyLWlzLWJhY2stbW9yZS_SAQA?hl=en-US&gl=US&ceid=US%3Aen
Sha'Carri Richardson stays hot by thrashing 100m field in Zurich | NBC Sports,NBC Sports,2023-08-31T18:59:58Z,https://news.google.com/articles/CCAiC21Vdm1WYVNlQ2ZnmAEB?hl=en-US&gl=US&ceid=US%3Aen
"Brian Kelly Post-Practice Press Conference - Aug. 31, 2023",LSUsports,2023-08-31T22:59:07Z,https://news.google.com/articles/CCAiC015aDI4dFN6amhFmAEB?hl=en-US&gl=US&ceid=US%3Aen
FSU football: LSU unveils uniform combination for primetime,Chop Chat,2023-08-31T15:20:44Z,https://news.google.com/articles/CBMiYWh0dHBzOi8vY2hvcGNoYXQuY29tLzIwMjMvMDgvMzEvZnN1LWZvb3RiYWxsLWxzdS11bnZlaWxzLXRoZWlyLXVuaWZvcm0tY29tYmluYXRpb24tZm9yLXByaW1ldGltZS_SAQA?hl=en-US&gl=US&ceid=US%3Aen
"FSU’s Mike Norvell Talks LSU Opener, ACC Expansion & More with Rich Eisen | Full Interview",The Rich Eisen Show,2023-09-01T00:30:16Z,https://news.google.com/articles/CCAiC0hkVnpiMnVmZE9nmAEB?hl=en-US&gl=US&ceid=US%3Aen
Brian Kelly declares LSU football will 'beat the heck out of Florida State' at radio show,Daily Advertiser,2023-09-01T00:33:33Z,https://news.google.com/articles/CBMigAFodHRwczovL3d3dy50aGVhZHZlcnRpc2VyLmNvbS9zdG9yeS9zcG9ydHMvY29sbGVnZS9sc3UvMjAyMy8wOC8zMS9icmlhbi1rZWxseS1sc3UtZm9vdGJhbGwtZmxvcmlkYS1zdGF0ZS1yYWRpby1zaG93LzcwNjc3OTQwMDA3L9IBAA?hl=en-US&gl=US&ceid=US%3Aen
Chris Getz named White Sox general manager,MLB.com,2023-08-31T21:40:04Z,https://news.google.com/articles/CBMiQ2h0dHBzOi8vd3d3Lm1sYi5jb20vbmV3cy9jaHJpcy1nZXR6LW5hbWVkLXdoaXRlLXNveC1nZW5lcmFsLW1hbmFnZXLSAQA?hl=en-US&gl=US&ceid=US%3Aen
White Sox promote Chris Getz to general manager role - ESPN,ESPN,2023-08-31T14:58:00Z,https://news.google.com/articles/CBMiXmh0dHBzOi8vd3d3LmVzcG4uY29tL21sYi9zdG9yeS9fL2lkLzM4Mjk4NDEwL3doaXRlLXNveC1wcm9tb3RlLWNocmlzLWdldHotZ2VuZXJhbC1tYW5hZ2VyLXJvbGXSAWtodHRwczovL3d3dy5lc3BuLmNvbS9tbGIvc3RvcnkvXy9pZC8zODI5ODQxMC93aGl0ZS1zb3gtcHJvbW90ZS1jaHJpcy1nZXR6LWdlbmVyYWwtbWFuYWdlci1yb2xlP3BsYXRmb3JtPWFtcA?hl=en-US&gl=US&ceid=US%3Aen
One-on-one with new White Sox GM Chris Getz,CBS Chicago,2023-09-01T02:26:27Z,https://news.google.com/articles/CCAiC1VBQVpPNjlIbzVBmAEB?hl=en-US&gl=US&ceid=US%3Aen
Photos: White Sox name Chris Getz general manager,Chicago Tribune,2023-08-31T23:55:00Z,https://news.google.com/articles/CBMijAFodHRwczovL3d3dy5jaGljYWdvdHJpYnVuZS5jb20vc3BvcnRzL3doaXRlLXNveC9jdC1jaGljYWdvLXdoaXRlLXNveC1jaHJpcy1nZXR6LXBob3Rvcy0yMDIzMDgzMS1sd3o0bnF2Z2NmZDRicGd5aGJ1dGc0M3BrYS1waG90b2dhbGxlcnkuaHRtbNIBAA?hl=en-US&gl=US&ceid=US%3Aen
BYU Paints the Big 12 Logo on the Field at Lavell Edwards Stadium,Sports Illustrated,2023-09-01T00:07:13Z,https://news.google.com/articles/CBMiaWh0dHBzOi8vd3d3LnNpLmNvbS9jb2xsZWdlL2J5dS9mb290YmFsbC9ieXUtcGFpbnRzLXRoZS1iaWctMTItbG9nby1vbi10aGUtZmllbGQtYXQtbGF2ZWxsLWVkd2FyZHMtc3RhZGl1bdIBAA?hl=en-US&gl=US&ceid=US%3Aen
Sam Houston Coach Sizes Up Revamped BYU Football Team,KSL Sports,2023-08-31T20:58:00Z,https://news.google.com/articles/CBMiW2h0dHBzOi8va3Nsc3BvcnRzLmNvbS81MDQyNDcvYnl1LXNhbS1ob3VzdG9uLWNvYWNoLWtjLWtlZWxlci1rYWxhbmktc2l0YWtlLXRyYW5zZmVyLXBvcnRhbC_SAQA?hl=en-US&gl=US&ceid=US%3Aen
"BYU 1-on-1: Cougar football starts season, women's soccer faces big test",Daily Herald,2023-08-31T15:49:12Z,https://news.google.com/articles/CBMidWh0dHBzOi8vd3d3LmhlcmFsZGV4dHJhLmNvbS9zcG9ydHMvMjAyMy9hdWcvMzEvYnl1LTEtb24tMS1jb3VnYXItZm9vdGJhbGwtc3RhcnRzLXNlYXNvbi13b21lbnMtc29jY2VyLWZhY2VzLWJpZy10ZXN0L9IBAA?hl=en-US&gl=US&ceid=US%3Aen
UH football: Predicting Cougars' most to least likely wins in 2023,Houston Chronicle ,2023-08-31T12:04:14Z,https://news.google.com/articles/CBMif2h0dHBzOi8vd3d3LmhvdXN0b25jaHJvbmljbGUuY29tL3RleGFzLXNwb3J0cy1uYXRpb24vY29sbGVnZS9hcnRpY2xlL2hvdXN0b24tZm9vdGJhbGwtbW9zdC1saWtlbHktd2lucy0yMDIzLXNlYXNvbi0xODMzODc2OS5waHDSAQA?hl=en-US&gl=US&ceid=US%3Aen
Seahawks Sign Three To Practice Squad,Seahawks.com,2023-09-01T00:14:31Z,https://news.google.com/articles/CBMiQ2h0dHBzOi8vd3d3LnNlYWhhd2tzLmNvbS9uZXdzL3NlYWhhd2tzLXNpZ24tdGhyZWUtdG8tcHJhY3RpY2Utc3F1YWTSAQA?hl=en-US&gl=US&ceid=US%3Aen
Seahawks cut roster down to 53 as training camp comes to an end,KING 5 Seattle,2023-08-31T16:05:48Z,https://news.google.com/articles/CCAiC2FlWk5vYk9mVVdvmAEB?hl=en-US&gl=US&ceid=US%3Aen
Seattle Seahawks sign center Ben Brown to practice squad,Field Gulls,2023-08-31T21:16:43Z,https://news.google.com/articles/CBMifmh0dHBzOi8vd3d3LmZpZWxkZ3VsbHMuY29tLzIwMjMvOC8zMS8yMzg1NDYzNi9qb24tcmhhdHRpZ2FuLWNsZWFycy13YWl2ZXJzLW5vdC1zaWduZWQtc2VhdHRsZS1zZWFoYXdrcy1wcmFjdGljZS1zcXVhZC1uZmwtbmV3c9IBiwFodHRwczovL3d3dy5maWVsZGd1bGxzLmNvbS9wbGF0Zm9ybS9hbXAvMjAyMy84LzMxLzIzODU0NjM2L2pvbi1yaGF0dGlnYW4tY2xlYXJzLXdhaXZlcnMtbm90LXNpZ25lZC1zZWF0dGxlLXNlYWhhd2tzLXByYWN0aWNlLXNxdWFkLW5mbC1uZXdz?hl=en-US&gl=US&ceid=US%3Aen
"Seahawks news: Jake Bobo, Kyu Blu Kelly, practice squad, and roster moves",12th Man Rising,2023-08-30T17:15:00Z,https://news.google.com/articles/CBMiVmh0dHBzOi8vMTJ0aG1hbnJpc2luZy5jb20vcG9zdHMvc2VhaGF3a3MtbmV3cy1qYWtlLWJvYm8ta3l1LWJsdS1rZWxseS1wcmFjdGljZS1zcXVhZC8y0gEA?hl=en-US&gl=US&ceid=US%3Aen
Bengals OC: Plan in place to get Joe Burrow ready for Week 1 - ESPN,ESPN,2023-08-31T22:18:00Z,https://news.google.com/articles/CBMiXmh0dHBzOi8vd3d3LmVzcG4uY29tL25mbC9zdG9yeS9fL2lkLzM4MzAxMTA3L2JlbmdhbHMtb2MtcGxhbi1wbGFjZS1nZXQtam9lLWJ1cnJvdy1yZWFkeS13ZWVrLTHSAWtodHRwczovL3d3dy5lc3BuLmNvbS9uZmwvc3RvcnkvXy9pZC8zODMwMTEwNy9iZW5nYWxzLW9jLXBsYW4tcGxhY2UtZ2V0LWpvZS1idXJyb3ctcmVhZHktd2Vlay0xP3BsYXRmb3JtPWFtcA?hl=en-US&gl=US&ceid=US%3Aen
Keyshawn Johnson says Cincinnati Bengals' Joe Burrow hasn't won AFC North yet,The Cincinnati Enquirer,2023-08-31T17:10:28Z,https://news.google.com/articles/CBMikQFodHRwczovL3d3dy5jaW5jaW5uYXRpLmNvbS9zdG9yeS9zcG9ydHMvbmZsL2JlbmdhbHMvMjAyMy8wOC8zMS9rZXlzaGF3bi1qb2huc29uLXNheXMtam9lLWJ1cnJvdy1oYXNudC13b24tYWZjLW5vcnRoLXdpdGgtYmVuZ2Fscy15ZXQvNzA3MzEzMzEwMDcv0gEA?hl=en-US&gl=US&ceid=US%3Aen
Joe Burrow Injury News: Bengals QB looks better than expected in return to practice,Cincy Jungle,2023-08-31T19:46:34Z,https://news.google.com/articles/CBMiaWh0dHBzOi8vd3d3LmNpbmN5anVuZ2xlLmNvbS8yMDIzLzgvMzEvMjM4NTQzOTgvam9lLWJ1cnJvdy1pbmp1cnktbmV3cy1iZW5nYWxzLXFiLXRyZW50b24taXJ3aW4tY2luY2lubmF0adIBdmh0dHBzOi8vd3d3LmNpbmN5anVuZ2xlLmNvbS9wbGF0Zm9ybS9hbXAvMjAyMy84LzMxLzIzODU0Mzk4L2pvZS1idXJyb3ctaW5qdXJ5LW5ld3MtYmVuZ2Fscy1xYi10cmVudG9uLWlyd2luLWNpbmNpbm5hdGk?hl=en-US&gl=US&ceid=US%3Aen
Joe Burrow's Two-Word Social Media Message Is Going Viral,Athlon Sports,2023-08-31T13:54:10Z,https://news.google.com/articles/CBMiVWh0dHBzOi8vYXRobG9uc3BvcnRzLmNvbS9uZmwvam9lLWJ1cnJvd3MtdHdvLXdvcmQtc29jaWFsLW1lZGlhLW1lc3NhZ2UtaXMtZ29pbmctdmlyYWzSAQA?hl=en-US&gl=US&ceid=US%3Aen
"Bettors all in on Deion Sanders, Buffaloes vs. TCU; Week 1 betting nuggets",FOX Sports,2023-08-31T18:25:09Z,https://news.google.com/articles/CBMiemh0dHBzOi8vd3d3LmZveHNwb3J0cy5jb20vc3Rvcmllcy9jb2xsZWdlLWZvb3RiYWxsL2JldHRvcnMtYWxsLWluLW9uLWRlaW9uLXNhbmRlcnMtYnVmZmFsb2VzLXZzLXRjdS13ZWVrLTEtYmV0dGluZy1udWdnZXRz0gEA?hl=en-US&gl=US&ceid=US%3Aen
College Football Week 1: THURSDAY NIGHT PICKS AND BEST BETS | CBS Sports,CBS Sports,2023-08-31T18:25:57Z,https://news.google.com/articles/CCAiC1ZEUXhaOXpQOHBFmAEB?hl=en-US&gl=US&ceid=US%3Aen
"College Football Picks: CFB Week 1 Odds, Picks, Predictions and Best Bets",RotoWire,2023-08-31T17:34:00Z,https://news.google.com/articles/CBMid2h0dHBzOi8vd3d3LnJvdG93aXJlLmNvbS9jZm9vdGJhbGwvYXJ0aWNsZS9jb2xsZWdlLWZvb3RiYWxsLXBpY2tzLWNmYi13ZWVrLTEtb2Rkcy1waWNrcy1wcmVkaWN0aW9ucy1hbmQtYmVzdC1iZXRzLTc0NDQz0gEA?hl=en-US&gl=US&ceid=US%3Aen
College Football Week 1 Best Bets: USC Trojans & CFB Sleeper picks | 'BBOC' Presented by BetMGM,The Action Network: Sports Betting Picks & Tips,2023-08-31T21:58:29Z,https://news.google.com/articles/CCAiC1FSUUJ2ekt6TWhjmAEB?hl=en-US&gl=US&ceid=US%3Aen
Brewers sign veteran third baseman Josh Donaldson to minor-league contract,Milwaukee Journal Sentinel,2023-09-01T00:17:17Z,https://news.google.com/articles/CBMijwFodHRwczovL3d3dy5qc29ubGluZS5jb20vc3Rvcnkvc3BvcnRzL21sYi9icmV3ZXJzLzIwMjMvMDgvMzEvYnJld2Vycy1hY3F1aXJlLW1pbm9yLWxlYWd1ZS1vdXRmaWVsZGVycy1tYXktYmUtZXllaW5nLWpvc2gtZG9uYWxkc29uLzcwNzI5Mjc0MDA3L9IBAA?hl=en-US&gl=US&ceid=US%3Aen
Brewers sign 3B Josh Donaldson to minor league deal - ESPN,ESPN,2023-08-31T22:46:00Z,https://news.google.com/articles/CBMiXWh0dHBzOi8vd3d3LmVzcG4uY29tL21sYi9zdG9yeS9fL2lkLzM4MzAxMjEwL2JyZXdlcnMtc2lnbi0zYi1qb3NoLWRvbmFsZHNvbi1taW5vci1sZWFndWUtZGVhbNIBamh0dHBzOi8vd3d3LmVzcG4uY29tL21sYi9zdG9yeS9fL2lkLzM4MzAxMjEwL2JyZXdlcnMtc2lnbi0zYi1qb3NoLWRvbmFsZHNvbi1taW5vci1sZWFndWUtZGVhbD9wbGF0Zm9ybT1hbXA?hl=en-US&gl=US&ceid=US%3Aen
Brewers Sign Josh Donaldson To Minor League Deal,MLB Trade Rumors,2023-08-31T23:34:51Z,https://news.google.com/articles/CBMiXGh0dHBzOi8vd3d3Lm1sYnRyYWRlcnVtb3JzLmNvbS8yMDIzLzA4L2JyZXdlcnMtc2lnbi1qb3NoLWRvbmFsZHNvbi10by1taW5vci1sZWFndWUtZGVhbC5odG1s0gEA?hl=en-US&gl=US&ceid=US%3Aen
Yankees castaway infielder finds new home,Empire Sports Media,2023-08-31T23:03:27Z,https://news.google.com/articles/CBMiVWh0dHBzOi8vZW1waXJlc3BvcnRzbWVkaWEuY29tL25ldy15b3JrLXlhbmtlZXMveWFua2Vlcy1qb3NoLWRvbmFsZHNvbi1maW5kcy1uZXctaG9tZS_SAVlodHRwczovL2VtcGlyZXNwb3J0c21lZGlhLmNvbS9uZXcteW9yay15YW5rZWVzL3lhbmtlZXMtam9zaC1kb25hbGRzb24tZmluZHMtbmV3LWhvbWUvYW1wLw?hl=en-US&gl=US&ceid=US%3Aen
Source: Sacramento Kings plan to sign three-time NBA champion and Olympic gold medalist,Sacramento Bee,2023-09-01T00:48:00Z,https://news.google.com/articles/CBMiSGh0dHBzOi8vd3d3LnNhY2JlZS5jb20vc3BvcnRzL25iYS9zYWNyYW1lbnRvLWtpbmdzL2FydGljbGUyNzg4NDQzMjkuaHRtbNIBSGh0dHBzOi8vYW1wLnNhY2JlZS5jb20vc3BvcnRzL25iYS9zYWNyYW1lbnRvLWtpbmdzL2FydGljbGUyNzg4NDQzMjkuaHRtbA?hl=en-US&gl=US&ceid=US%3Aen
Former Warriors Champion Joins Western Conference Rival,Sports Illustrated,2023-08-31T23:48:16Z,https://news.google.com/articles/CBMiXGh0dHBzOi8vd3d3LnNpLmNvbS9uYmEvd2FycmlvcnMvbmV3cy9mb3JtZXItd2FycmlvcnMtY2hhbXBpb24tam9pbnMtd2VzdGVybi1jb25mZXJlbmNlLXJpdmFs0gEA?hl=en-US&gl=US&ceid=US%3Aen
Sources -- JaVale McGee planning to sign with Kings on 1-year deal - ESPN,ESPN,2023-08-31T23:50:00Z,https://news.google.com/articles/CBMiWWh0dHBzOi8vd3d3LmVzcG4uY29tL25iYS9zdG9yeS9fL2lkLzM4MzAxMzkwL2phdmFsZS1tY2dlZS1wbGFubmluZy1zaWduLWtpbmdzLTEteWVhci1kZWFs0gFmaHR0cHM6Ly93d3cuZXNwbi5jb20vbmJhL3N0b3J5L18vaWQvMzgzMDEzOTAvamF2YWxlLW1jZ2VlLXBsYW5uaW5nLXNpZ24ta2luZ3MtMS15ZWFyLWRlYWw_cGxhdGZvcm09YW1w?hl=en-US&gl=US&ceid=US%3Aen
Nevada basketball alum JaVale McGee will sign with Sacramento Kings,Nevada Sports Net,2023-08-31T23:57:42Z,https://news.google.com/articles/CBMiggFodHRwczovL25ldmFkYXNwb3J0c25ldC5jb20vbmV3cy9yZXBvcnRlcnMvbmV2YWRhLWJhc2tldGJhbGwtYWx1bS1qYXZhbGUtbWNnZWUtd2lsbC1zaWduLXdpdGgtc2FjcmFtZW50by1raW5ncy1mb3ItMTZ0aC1uYmEtc2Vhc29u0gEA?hl=en-US&gl=US&ceid=US%3Aen
"Patriots sign former Eagles, Vikings wide receiver Jalen Reagor to practice squad ahead of Week 1, per report",CBS Sports,2023-08-31T23:39:57Z,https://news.google.com/articles/CBMijwFodHRwczovL3d3dy5jYnNzcG9ydHMuY29tL25mbC9uZXdzL3BhdHJpb3RzLXNpZ24tZm9ybWVyLWVhZ2xlcy12aWtpbmdzLXdpZGUtcmVjZWl2ZXItamFsZW4tcmVhZ29yLXRvLXByYWN0aWNlLXNxdWFkLWFoZWFkLW9mLXdlZWstMS1wZXItcmVwb3J0L9IBkwFodHRwczovL3d3dy5jYnNzcG9ydHMuY29tL25mbC9uZXdzL3BhdHJpb3RzLXNpZ24tZm9ybWVyLWVhZ2xlcy12aWtpbmdzLXdpZGUtcmVjZWl2ZXItamFsZW4tcmVhZ29yLXRvLXByYWN0aWNlLXNxdWFkLWFoZWFkLW9mLXdlZWstMS1wZXItcmVwb3J0L2FtcC8?hl=en-US&gl=US&ceid=US%3Aen
Recently Released Vikings Receiver Joins Patriots,VikingsTerritory.com,2023-08-31T23:48:48Z,https://news.google.com/articles/CBMiQWh0dHBzOi8vdmlraW5nc3RlcnJpdG9yeS5jb20vMjAyMy9uZXdzL3RvcF9uZXdzL3JlY2VudGx5LXJlbGVhc2Vk0gEA?hl=en-US&gl=US&ceid=US%3Aen
Patriots add former first-round wide receiver to practice squad,98.5 The Sports Hub,2023-08-31T23:25:06Z,https://news.google.com/articles/CBMiZ2h0dHBzOi8vOTg1dGhlc3BvcnRzaHViLmNvbS8yMDIzLzA4LzMxL3BhdHJpb3RzLWFkZC1mb3JtZXItZmlyc3Qtcm91bmQtd2lkZS1yZWNlaXZlci10by1wcmFjdGljZS1zcXVhZC_SAQA?hl=en-US&gl=US&ceid=US%3Aen
Patriots reportedly adding former first-round pick Jalen Reagor to practice squad,Pats Pulpit,2023-08-31T23:32:56Z,https://news.google.com/articles/CBMidWh0dHBzOi8vd3d3LnBhdHNwdWxwaXQuY29tLzIwMjMvOC8zMS8yMzg1NDgyNS9wYXRyaW90cy1zaWduaW5nLWV4LWVhZ2xlcy12aWtpbmdzLXJlY2VpdmVyLWphbGVuLXJlYWdvci1wcmFjdGljZS1zcXVhZNIBggFodHRwczovL3d3dy5wYXRzcHVscGl0LmNvbS9wbGF0Zm9ybS9hbXAvMjAyMy84LzMxLzIzODU0ODI1L3BhdHJpb3RzLXNpZ25pbmctZXgtZWFnbGVzLXZpa2luZ3MtcmVjZWl2ZXItamFsZW4tcmVhZ29yLXByYWN0aWNlLXNxdWFk?hl=en-US&gl=US&ceid=US%3Aen
"Michigan State football-Central Michigan: Scouting report, prediction",Detroit Free Press,2023-08-31T21:45:00Z,https://news.google.com/articles/CBMisgFodHRwczovL3d3dy5mcmVlcC5jb20vc3Rvcnkvc3BvcnRzL2NvbGxlZ2UvbWljaGlnYW4tc3RhdGUvc3BhcnRhbnMvMjAyMy8wOC8zMS9taWNoaWdhbi1zdGF0ZS1mb290YmFsbC1jZW50cmFsLW1pY2hpZ2FuLXNjb3V0aW5nLXJlcG9ydC1wcmVkaWN0aW9uLTIwMjMtc2Vhc29uLXByZXZpZXcvNzA3MzE0OTcwMDcv0gEA?hl=en-US&gl=US&ceid=US%3Aen
Couch: A look at all the reasons for hope and concern for Michigan State football this season,Lansing State Journal,2023-08-31T16:04:50Z,https://news.google.com/articles/CBMipQFodHRwczovL3d3dy5sYW5zaW5nc3RhdGVqb3VybmFsLmNvbS9zdG9yeS9zcG9ydHMvY29sdW1uaXN0cy9ncmFoYW0tY291Y2gvMjAyMy8wOC8zMS9taWNoaWdhbi1zdGF0ZS1mb290YmFsbC1sb29rLWF0LXJlYXNvbnMtZm9yLWhvcGUtY29uY2Vybi10aGlzLXNlYXNvbi83MDcyNTMyNzAwNy_SAQA?hl=en-US&gl=US&ceid=US%3Aen
"Michigan State vs. Central Michigan 9/1: Odds, predictions and best bets",MLive.com,2023-08-31T14:37:00Z,https://news.google.com/articles/CBMib2h0dHBzOi8vd3d3Lm1saXZlLmNvbS9iZXR0aW5nLzIwMjMvMDgvbWljaGlnYW4tc3RhdGUtdnMtY2VudHJhbC1taWNoaWdhbi05MS1vZGRzLXByZWRpY3Rpb25zLWFuZC1iZXN0LWJldHMuaHRtbNIBAA?hl=en-US&gl=US&ceid=US%3Aen
Michigan State football bold predictions: RB Nathan Carter hits it big for Spartans,Detroit Free Press,2023-08-31T10:10:35Z,https://news.google.com/articles/CBMikQFodHRwczovL3d3dy5mcmVlcC5jb20vc3Rvcnkvc3BvcnRzL2NvbGxlZ2UvbWljaGlnYW4tc3RhdGUvc3BhcnRhbnMvMjAyMy8wOC8zMS9taWNoaWdhbi1zdGF0ZS1mb290YmFsbC1ib2xkLXByZWRpY3Rpb25zLTIwMjMtc3BhcnRhbnMvNzA3MjIyMjgwMDcv0gEA?hl=en-US&gl=US&ceid=US%3Aen
Iowa Football: Hawkeye Fans Torn on Utah State Outcome,Black Heart Gold Pants,2023-08-31T20:42:14Z,https://news.google.com/articles/CBMikQFodHRwczovL3d3dy5ibGFja2hlYXJ0Z29sZHBhbnRzLmNvbS8yMDIzLzgvMzEvMjM4NTI3ODEvaW93YS1mb290YmFsbC1oYXdrZXllLWZhbnMtdG9ybi11dGFoLXN0YXRlLWFnZ2llcy1wcmVkaWN0aW9uLWFnYWluc3Qtc3ByZWFkLWdhbWUtbGluZS1iaGdw0gGeAWh0dHBzOi8vd3d3LmJsYWNraGVhcnRnb2xkcGFudHMuY29tL3BsYXRmb3JtL2FtcC8yMDIzLzgvMzEvMjM4NTI3ODEvaW93YS1mb290YmFsbC1oYXdrZXllLWZhbnMtdG9ybi11dGFoLXN0YXRlLWFnZ2llcy1wcmVkaWN0aW9uLWFnYWluc3Qtc3ByZWFkLWdhbWUtbGluZS1iaGdw?hl=en-US&gl=US&ceid=US%3Aen
"College football Week 1 picks: Iowa vs. Utah State, Iowa State vs. UNI, Rutgers vs. Northwestern",The Gazette,2023-09-01T00:30:00Z,https://news.google.com/articles/CBMifWh0dHBzOi8vd3d3LnRoZWdhemV0dGUuY29tL3Nwb3J0cy9jb2xsZWdlLWZvb3RiYWxsLXdlZWstMS1waWNrcy1pb3dhLXZzLXV0YWgtc3RhdGUtaW93YS1zdGF0ZS12cy11bmktcnV0Z2Vycy12cy1ub3J0aHdlc3Rlcm4v0gEA?hl=en-US&gl=US&ceid=US%3Aen
I on the Hawks Week 1: How much will Cade McNamara play vs. Utah State,Iowa's News Now,2023-08-31T23:08:53Z,https://news.google.com/articles/CCAiC3k1Z0lnZng1MlZRmAEB?hl=en-US&gl=US&ceid=US%3Aen
Cade McNamara's Dad Was 'Uncomfortable' With Infamous Michigan QB Competition,Outkick,2023-08-31T19:23:19Z,https://news.google.com/articles/CBMiY2h0dHBzOi8vd3d3Lm91dGtpY2suY29tL2NhZGUtbWNuYW1hcmFzLWRhZC13YXMtdW5jb21mb3J0YWJsZS13aXRoLWluZmFtb3VzLW1pY2hpZ2FuLXFiLWNvbXBldGl0aW9uL9IBAA?hl=en-US&gl=US&ceid=US%3Aen
3 veteran QBs Patriots could sign as No. 2 option behind Mac Jones,Patriots Wire,2023-08-31T14:32:00Z,https://news.google.com/articles/CBMiYWh0dHBzOi8vcGF0cmlvdHN3aXJlLnVzYXRvZGF5LmNvbS9saXN0cy8zLXZldGVyYW4tcWJzLXBhdHJpb3RzLXNpZ24tbm8tMi1vcHRpb24tYmVoaW5kLW1hYy1qb25lcy_SAQA?hl=en-US&gl=US&ceid=US%3Aen
"As the Rest of the AFC East Moves Forward, Are the Patriots Just Standing Still?",The Ringer,2023-08-31T12:30:57Z,https://news.google.com/articles/CBMifWh0dHBzOi8vd3d3LnRoZXJpbmdlci5jb20vbmZsLzIwMjMvOC8zMS8yMzg1MzQyOC9xdWVzdGlvbnMtZm9yLW5ldy1lbmdsYW5kLXBhdHJpb3RzLWJpbGwtYmVsaWNoaWNrLW1hYy1qb25lcy1iaWxsLW9icmllbi0yMDIz0gGKAWh0dHBzOi8vd3d3LnRoZXJpbmdlci5jb20vcGxhdGZvcm0vYW1wL25mbC8yMDIzLzgvMzEvMjM4NTM0MjgvcXVlc3Rpb25zLWZvci1uZXctZW5nbGFuZC1wYXRyaW90cy1iaWxsLWJlbGljaGljay1tYWMtam9uZXMtYmlsbC1vYnJpZW4tMjAyMw?hl=en-US&gl=US&ceid=US%3Aen
Patriots news: Belichick gambled with the QBs... and won,Pats Pulpit,2023-08-31T12:26:04Z,https://news.google.com/articles/CBMid2h0dHBzOi8vd3d3LnBhdHNwdWxwaXQuY29tLzIwMjMvOC8zMS8yMzg1MzMwMy9uZXctZW5nbGFuZC1wYXRyaW90cy1saW5rcy04LTMxLTIzLWJlbGljaGljay1nYW1ibGVkLXdpdGgtdGhlLXFicy1hbmQtd29u0gGEAWh0dHBzOi8vd3d3LnBhdHNwdWxwaXQuY29tL3BsYXRmb3JtL2FtcC8yMDIzLzgvMzEvMjM4NTMzMDMvbmV3LWVuZ2xhbmQtcGF0cmlvdHMtbGlua3MtOC0zMS0yMy1iZWxpY2hpY2stZ2FtYmxlZC13aXRoLXRoZS1xYnMtYW5kLXdvbg?hl=en-US&gl=US&ceid=US%3Aen
Why Matt Light didn't like what he saw from Mac Jones last season,Yahoo Sports,2023-08-31T21:01:01Z,https://news.google.com/articles/CBMiQGh0dHBzOi8vc3BvcnRzLnlhaG9vLmNvbS93aHktbWF0dC1saWdodC1kaWRudC1zYXctMjA1NTMzNjU1Lmh0bWzSAUhodHRwczovL3Nwb3J0cy55YWhvby5jb20vYW1waHRtbC93aHktbWF0dC1saWdodC1kaWRudC1zYXctMjA1NTMzNjU1Lmh0bWw?hl=en-US&gl=US&ceid=US%3Aen
"Packers add a practice squad player from Wisconsin, re-sign Matt Orzech and move Luke Tenuta to injured reserve",Packers News,2023-08-31T23:28:12Z,https://news.google.com/articles/CBMiqAFodHRwczovL3d3dy5wYWNrZXJzbmV3cy5jb20vc3Rvcnkvc3BvcnRzL25mbC9wYWNrZXJzLzIwMjMvMDgvMzEvZ3JlZW4tYmF5LXBhY2tlcnMtYWRkLXdpc2NvbnNpbi1uYXRpdmUta3Jpc3RpYW4td2VsY2gtdG8tcHJhY3RpY2Utc3F1YWQtcmUtc2lnbi1tYXR0LW9yemVjaC83MDczMjQwODAwNy_SAQA?hl=en-US&gl=US&ceid=US%3Aen
"Packers claim S Zayne Anderson, TE Ben Sims off waivers",Packers.com,2023-08-31T19:59:17Z,https://news.google.com/articles/CBMiU2h0dHBzOi8vd3d3LnBhY2tlcnMuY29tL25ld3MvcGFja2Vycy1jbGFpbS1zLXpheW5lLWFuZGVyc29uLXRlLWJlbi1zaW1zLW9mZi13YWl2ZXJz0gEA?hl=en-US&gl=US&ceid=US%3Aen
Breaking down the Packers' 6 roster moves made since final cuts,Packers Wire,2023-08-31T20:51:00Z,https://news.google.com/articles/CBMiZmh0dHBzOi8vcGFja2Vyc3dpcmUudXNhdG9kYXkuY29tL2xpc3RzL2JyZWFraW5nLWRvd24tdGhlLXBhY2tlcnMtNi1yb3N0ZXItbW92ZXMtbWFkZS1zaW5jZS1maW5hbC1jdXRzL9IBAA?hl=en-US&gl=US&ceid=US%3Aen
Green Bay Packers 2023 depth chart prediction following roster cuts,Acme Packing Company,2023-08-31T13:18:25Z,https://news.google.com/articles/CBMidmh0dHBzOi8vd3d3LmFjbWVwYWNraW5nY29tcGFueS5jb20vMjAyMy84LzMxLzIzODUzMTcwLzIwMjMtZ3JlZW4tYmF5LXBhY2tlcnMtZGVwdGgtY2hhcnQtcm9zdGVyLXByZWRpY3Rpb24taW5qdXJ5LWN1dHPSAYMBaHR0cHM6Ly93d3cuYWNtZXBhY2tpbmdjb21wYW55LmNvbS9wbGF0Zm9ybS9hbXAvMjAyMy84LzMxLzIzODUzMTcwLzIwMjMtZ3JlZW4tYmF5LXBhY2tlcnMtZGVwdGgtY2hhcnQtcm9zdGVyLXByZWRpY3Rpb24taW5qdXJ5LWN1dHM?hl=en-US&gl=US&ceid=US%3Aen
Patriots Mailbag: Do the Pats need additional tight end depth?,NBC Sports Boston,2023-08-31T22:29:55Z,https://news.google.com/articles/CBMif2h0dHBzOi8vd3d3Lm5iY3Nwb3J0c2Jvc3Rvbi5jb20vbmZsL25ldy1lbmdsYW5kLXBhdHJpb3RzL3BhdHJpb3RzLW1haWxiYWctcXVhcnRlcmJhY2stdHJhZGUtYmFpbGV5LXphcHBlLXByYWN0aWNlLXNxdWFkLzU1MDczOC_SAYUBaHR0cHM6Ly93d3cubmJjc3BvcnRzYm9zdG9uLmNvbS9uZmwvbmV3LWVuZ2xhbmQtcGF0cmlvdHMvcGF0cmlvdHMtbWFpbGJhZy1xdWFydGVyYmFjay10cmFkZS1iYWlsZXktemFwcGUtcHJhY3RpY2Utc3F1YWQvNTUwNzM4Lz9hbXA9MQ?hl=en-US&gl=US&ceid=US%3Aen
Bailey Zappe was reportedly cut because ‘he stunk’ this summer,Yahoo Sports,2023-09-01T01:14:00Z,https://news.google.com/articles/CBMiS2h0dHBzOi8vc3BvcnRzLnlhaG9vLmNvbS9iYWlsZXktemFwcGUtcmVwb3J0ZWRseS1jdXQtYmVjYXVzZS0wMTE0NDMxNTQuaHRtbNIBU2h0dHBzOi8vc3BvcnRzLnlhaG9vLmNvbS9hbXBodG1sL2JhaWxleS16YXBwZS1yZXBvcnRlZGx5LWN1dC1iZWNhdXNlLTAxMTQ0MzE1NC5odG1s?hl=en-US&gl=US&ceid=US%3Aen
Tom E. Curran says Pats were relieved that Bailey Zappe cleared waivers!,WEEI Boston Sports Original,2023-08-31T20:35:07Z,https://news.google.com/articles/CCAiC1BzR2lMZlJoN2lVmAEB?hl=en-US&gl=US&ceid=US%3Aen
Do the New England Patriots have enough talent on their 53-man roster?,Musket Fire,2023-08-31T20:00:43Z,https://news.google.com/articles/CBMib2h0dHBzOi8vbXVza2V0ZmlyZS5jb20vcG9zdHMvZG8tdGhlLW5ldy1lbmdsYW5kLXBhdHJpb3RzLWhhdmUtZW5vdWdoLXRhbGVudC1vbi10aGVpci01My1tYW4tcm9zdGVyLTAxaDk2M2JtZG1kMdIBAA?hl=en-US&gl=US&ceid=US%3Aen
Orlovsky: Trey Lance more to blame than Kyle Shanahan for struggles with 49ers,49ers Webzone,2023-08-31T23:06:35Z,https://news.google.com/articles/CBMiZWh0dHBzOi8vd3d3LjQ5ZXJzd2Viem9uZS5jb20vYXJ0aWNsZXMvMTcxNDE5LW9ybG92c2t5LXRyZXktbGFuY2UtbW9yZS1ibGFtZS1zaGFuYWhhbi1zdHJ1Z2dsZXMtNDllcnMv0gEtaHR0cHM6Ly93d3cuNDllcnN3ZWJ6b25lLmNvbS9uZXdzL2FtcC0xNzE0MTkv?hl=en-US&gl=US&ceid=US%3Aen
49ers trade Trey Lance: Cowboys weren't John Lynch's first choice,San Francisco Chronicle,2023-08-31T16:27:16Z,https://news.google.com/articles/CBMiZWh0dHBzOi8vd3d3LnNmY2hyb25pY2xlLmNvbS9zcG9ydHMvNDllcnMvYXJ0aWNsZS80OWVycy1qb2huLWx5bmNoLWRpZG4tdC13YW50LXRyYWRlLXRyZXktMTgzNDAzODEucGhw0gEA?hl=en-US&gl=US&ceid=US%3Aen
Shanahan admits 49ers selecting Lance was a ‘mistake',NBC Sports Bay Area,2023-09-01T05:29:57Z,https://news.google.com/articles/CBMibmh0dHBzOi8vd3d3Lm5iY3Nwb3J0c2JheWFyZWEuY29tL25mbC9zYW4tZnJhbmNpc2NvLTQ5ZXJzL2t5bGUtc2hhbmFoYW4tYWRtaXRzLXRyZXktbGFuY2UtcGljay1taXN0YWtlLzE2NTE5NzAv0gF0aHR0cHM6Ly93d3cubmJjc3BvcnRzYmF5YXJlYS5jb20vbmZsL3Nhbi1mcmFuY2lzY28tNDllcnMva3lsZS1zaGFuYWhhbi1hZG1pdHMtdHJleS1sYW5jZS1waWNrLW1pc3Rha2UvMTY1MTk3MC8_YW1wPTE?hl=en-US&gl=US&ceid=US%3Aen
"ESPN's Darlington: 49ers look like ""idiots"" for Trey Lance gaffe",49ers Webzone,2023-08-31T23:45:00Z,https://news.google.com/articles/CBMiYWh0dHBzOi8vd3d3LjQ5ZXJzd2Viem9uZS5jb20vYXJ0aWNsZXMvMTcxNDIzLWVzcG5zLWRhcmxpbmd0b24tNDllcnMtbG9vay1saWtlLWlkaW90cy1sYW5jZS1nYWZmZS_SAS1odHRwczovL3d3dy40OWVyc3dlYnpvbmUuY29tL25ld3MvYW1wLTE3MTQyMy8?hl=en-US&gl=US&ceid=US%3Aen
First Round Highlights | 2023 Portland Classic,LPGA,2023-09-01T02:41:03Z,https://news.google.com/articles/CCAiC29OYlNYdm1pNlpzmAEB?hl=en-US&gl=US&ceid=US%3Aen
"LPGA Tour Highlights: Portland Classic, Round 1 | Golf Channel",Golf Channel,2023-09-01T02:33:20Z,https://news.google.com/articles/CCAiCy0yYWNpSnp3QnV3mAEB?hl=en-US&gl=US&ceid=US%3Aen
Pagdanganan ‘slipped a couple times’ in rainy Portland en route to round of 67,LPGA,2023-08-31T20:45:02Z,https://news.google.com/articles/CBMia2h0dHBzOi8vd3d3LmxwZ2EuY29tL25ld3MvMjAyMy9wYWdkYW5nYW5hbi1zbGlwcGVkLWEtY291cGxlLXRpbWVzLWluLXJhaW55LXBvcnRsYW5kLWVuLXJvdXRlLXRvLXJvdW5kLW9mLTY30gEA?hl=en-US&gl=US&ceid=US%3Aen
How to get tickets for the Portland Classic,Fox 12 Oregon,2023-08-31T19:46:00Z,https://news.google.com/articles/CBMiQWh0dHBzOi8vd3d3LmtwdHYuY29tLzIwMjMvMDgvMzEvaG93LWdldC10aWNrZXRzLXBvcnRsYW5kLWNsYXNzaWMv0gFQaHR0cHM6Ly93d3cua3B0di5jb20vMjAyMy8wOC8zMS9ob3ctZ2V0LXRpY2tldHMtcG9ydGxhbmQtY2xhc3NpYy8_b3V0cHV0VHlwZT1hbXA?hl=en-US&gl=US&ceid=US%3Aen
Michigan high school football scores from Thursday night of Week 2,MLive.com,2023-09-01T01:25:00Z,https://news.google.com/articles/CBMidmh0dHBzOi8vd3d3Lm1saXZlLmNvbS9oaWdoc2Nob29sc3BvcnRzLzIwMjMvMDkvbWljaGlnYW4taGlnaC1zY2hvb2wtZm9vdGJhbGwtc2NvcmVzLWZyb20tdGh1cnNkYXktbmlnaHQtb2Ytd2Vlay0yLmh0bWzSAYUBaHR0cHM6Ly93d3cubWxpdmUuY29tL2hpZ2hzY2hvb2xzcG9ydHMvMjAyMy8wOS9taWNoaWdhbi1oaWdoLXNjaG9vbC1mb290YmFsbC1zY29yZXMtZnJvbS10aHVyc2RheS1uaWdodC1vZi13ZWVrLTIuaHRtbD9vdXRwdXRUeXBlPWFtcA?hl=en-US&gl=US&ceid=US%3Aen
Week 2 Thursday Part 1 Highlights of West Michigan High School Football | 13 ON YOUR SIDELINES,13 ON YOUR SIDE,2023-09-01T03:39:05Z,https://news.google.com/articles/CCAiC0pTcy1YOTd4LU44mAEB?hl=en-US&gl=US&ceid=US%3Aen
Greater Lansing high school football Week 2 scoreboard,Lansing State Journal,2023-08-31T20:34:43Z,https://news.google.com/articles/CBMiiwFodHRwczovL3d3dy5sYW5zaW5nc3RhdGVqb3VybmFsLmNvbS9zdG9yeS9zcG9ydHMvaGlnaC1zY2hvb2wvMjAyMy8wOC8zMS9ncmVhdGVyLWxhbnNpbmctaGlnaC1zY2hvb2wtZm9vdGJhbGwtd2Vlay0yLXNjb3JlYm9hcmQvNzA3MjYxMzgwMDcv0gEA?hl=en-US&gl=US&ceid=US%3Aen
Live high school football updates from Thursday night Week 2 in Michigan,MLive.com,2023-09-01T02:31:00Z,https://news.google.com/articles/CBMifGh0dHBzOi8vd3d3Lm1saXZlLmNvbS9oaWdoc2Nob29sc3BvcnRzLzIwMjMvMDgvbGl2ZS1oaWdoLXNjaG9vbC1mb290YmFsbC11cGRhdGVzLWZyb20tdGh1cnNkYXktbmlnaHQtd2Vlay0yLWluLW1pY2hpZ2FuLmh0bWzSAYsBaHR0cHM6Ly93d3cubWxpdmUuY29tL2hpZ2hzY2hvb2xzcG9ydHMvMjAyMy8wOC9saXZlLWhpZ2gtc2Nob29sLWZvb3RiYWxsLXVwZGF0ZXMtZnJvbS10aHVyc2RheS1uaWdodC13ZWVrLTItaW4tbWljaGlnYW4uaHRtbD9vdXRwdXRUeXBlPWFtcA?hl=en-US&gl=US&ceid=US%3Aen
"Penn State Vs. West Virginia Preview, Predictions: Saturday 9/2 at Beaver Stadium on NBC",Sports Illustrated,2023-08-31T18:55:34Z,https://news.google.com/articles/CBMigQFodHRwczovL3d3dy5zaS5jb20vY29sbGVnZS9wZW5uc3RhdGUvZm9vdGJhbGwvcGVubi1zdGF0ZS1mb290YmFsbC1wcmV2aWV3LXByZWRpY3Rpb25zLW5pdHRhbnktbGlvbnMtdnMtd2VzdC12aXJnaW5pYS1tb3VudGFpbmVlcnPSAQA?hl=en-US&gl=US&ceid=US%3Aen
Football betting trends: Money flowing to West Virginia in big showdown with Penn State,Pittsburgh Post-Gazette,2023-08-31T10:00:00Z,https://news.google.com/articles/CBMijwFodHRwczovL3d3dy5wb3N0LWdhemV0dGUuY29tL3Nwb3J0cy9wc3UvMjAyMy8wOC8zMS9mb290YmFsbC1iZXR0aW5nLXRyZW5kcy1zcHJlYWQtdG90YWxzLXBpY2tzLXByZWRpY3Rpb25zLWRyYWZ0a2luZ3Mtb2Rkcy9zdG9yaWVzLzIwMjMwODMwMDA5NNIBAA?hl=en-US&gl=US&ceid=US%3Aen
The Brotherhood is WVU's strongest link | West Virginia University Sports | wvnews.com,WV News,2023-08-31T19:39:00Z,https://news.google.com/articles/CBMifGh0dHBzOi8vd3d3Lnd2bmV3cy5jb20vYmx1ZWdvbGRuZXdzL3RoZS1icm90aGVyaG9vZC1pcy13dnVzLXN0cm9uZ2VzdC1saW5rL2FydGljbGVfMWM4ZGJlNGMtNDgzNi0xMWVlLTlkOGMtOGJlOTg0N2E4Y2YzLmh0bWzSAQA?hl=en-US&gl=US&ceid=US%3Aen
Penn State vs. West Virginia football preview and prediction: 3 keys for the Nittany Lions,The Athletic,2023-08-31T09:16:41Z,https://news.google.com/articles/CBMiT2h0dHBzOi8vdGhlYXRobGV0aWMuY29tLzQ4MjA4ODMvMjAyMy8wOC8zMS9wZW5uLXN0YXRlLXdlc3QtdmlyZ2luaWEtcHJlZGljdGlvbi_SAVVodHRwczovL3RoZWF0aGxldGljLmNvbS80ODIwODgzLzIwMjMvMDgvMzEvcGVubi1zdGF0ZS13ZXN0LXZpcmdpbmlhLXByZWRpY3Rpb24vP2FtcD0x?hl=en-US&gl=US&ceid=US%3Aen
11 former Boise State players earn spot on active NFL 53-man rosters,KTVB.com,2023-08-31T22:04:00Z,https://news.google.com/articles/CBMimAFodHRwczovL3d3dy5rdHZiLmNvbS9hcnRpY2xlL3Nwb3J0cy9uY2FhL25jYWFmL2JvaXNlLXN0YXRlLWZvb3RiYWxsL2JvaXNlLXN0YXRlLXBsYXllcnMtbmZsLTUzLW1hbi1yb3N0ZXJzLTIwMjMvMjc3LTdhMjQwOWExLTZjNDEtNGE2NS05ZGEzLWIzNzJjN2VjYjEwM9IBnAFodHRwczovL3d3dy5rdHZiLmNvbS9hbXAvYXJ0aWNsZS9zcG9ydHMvbmNhYS9uY2FhZi9ib2lzZS1zdGF0ZS1mb290YmFsbC9ib2lzZS1zdGF0ZS1wbGF5ZXJzLW5mbC01My1tYW4tcm9zdGVycy0yMDIzLzI3Ny03YTI0MDlhMS02YzQxLTRhNjUtOWRhMy1iMzcyYzdlY2IxMDM?hl=en-US&gl=US&ceid=US%3Aen
9 NFL Roster Cuts That Teams Will Regret,Bleacher Report,2023-08-31T23:57:35Z,https://news.google.com/articles/CBMiVWh0dHBzOi8vYmxlYWNoZXJyZXBvcnQuY29tL2FydGljbGVzLzEwMDg3ODA3LTktbmZsLXJvc3Rlci1jdXRzLXRoYXQtdGVhbXMtd2lsbC1yZWdyZXTSAWVodHRwczovL3N5bmRpY2F0aW9uLmJsZWFjaGVycmVwb3J0LmNvbS9hbXAvMTAwODc4MDctOS1uZmwtcm9zdGVyLWN1dHMtdGhhdC10ZWFtcy13aWxsLXJlZ3JldC5hbXAuaHRtbA?hl=en-US&gl=US&ceid=US%3Aen
Tracking which former Ducks made NFL 53-man rosters,247Sports,2023-09-01T00:00:26Z,https://news.google.com/articles/CBMifGh0dHBzOi8vMjQ3c3BvcnRzLmNvbS9jb2xsZWdlL29yZWdvbi9sb25nZm9ybWFydGljbGUvb3JlZ29uLWR1Y2tzLW5mbC1yb3N0ZXJzLWN1dHMtanVzdGluLWhlcmJlcnQtbWFyY3VzLW1hcmlvdGEtLTIxNTExNDcyMS_SAYABaHR0cHM6Ly8yNDdzcG9ydHMuY29tL2NvbGxlZ2Uvb3JlZ29uL2xvbmdmb3JtYXJ0aWNsZS9vcmVnb24tZHVja3MtbmZsLXJvc3RlcnMtY3V0cy1qdXN0aW4taGVyYmVydC1tYXJjdXMtbWFyaW90YS0tMjE1MTE0NzIxL2FtcC8?hl=en-US&gl=US&ceid=US%3Aen
"NFL 2023 cuts, waiver claims: Latest moves as all 32 teams finalize rosters ahead of new season",CBS Sports,2023-08-31T14:02:00Z,https://news.google.com/articles/CBMihgFodHRwczovL3d3dy5jYnNzcG9ydHMuY29tL25mbC9uZXdzL25mbC0yMDIzLWN1dHMtd2FpdmVyLWNsYWltcy1sYXRlc3QtbW92ZXMtYXMtYWxsLTMyLXRlYW1zLWZpbmFsaXplLXJvc3RlcnMtYWhlYWQtb2YtbmV3LXNlYXNvbi9saXZlL9IBigFodHRwczovL3d3dy5jYnNzcG9ydHMuY29tL25mbC9uZXdzL25mbC0yMDIzLWN1dHMtd2FpdmVyLWNsYWltcy1sYXRlc3QtbW92ZXMtYXMtYWxsLTMyLXRlYW1zLWZpbmFsaXplLXJvc3RlcnMtYWhlYWQtb2YtbmV3LXNlYXNvbi9saXZlL2FtcC8?hl=en-US&gl=US&ceid=US%3Aen
"MLB waiver claims: Yankees' Harrison Bader scooped up by Reds, Lucas Giolito lands back in AL Central",CBS Sports,2023-08-31T20:57:00Z,https://news.google.com/articles/CBMihgFodHRwczovL3d3dy5jYnNzcG9ydHMuY29tL21sYi9uZXdzL21sYi13YWl2ZXItY2xhaW1zLXlhbmtlZXMtaGFycmlzb24tYmFkZXItc2Nvb3BlZC11cC1ieS1yZWRzLWx1Y2FzLWdpb2xpdG8tbGFuZHMtYmFjay1pbi1hbC1jZW50cmFsL9IBigFodHRwczovL3d3dy5jYnNzcG9ydHMuY29tL21sYi9uZXdzL21sYi13YWl2ZXItY2xhaW1zLXlhbmtlZXMtaGFycmlzb24tYmFkZXItc2Nvb3BlZC11cC1ieS1yZWRzLWx1Y2FzLWdpb2xpdG8tbGFuZHMtYmFjay1pbi1hbC1jZW50cmFsL2FtcC8?hl=en-US&gl=US&ceid=US%3Aen
Guardians grab Lucas Giolito as Angels castoffs find homes - ESPN,ESPN,2023-08-31T17:36:00Z,https://news.google.com/articles/CBMiZGh0dHBzOi8vd3d3LmVzcG4uY29tL21sYi9zdG9yeS9fL2lkLzM4Mjk5NTQ2L2d1YXJkaWFucy1ncmFiLWx1Y2FzLWdpb2xpdG8tYW5nZWxzLWNhc3RvZmZzLWZpbmQtaG9tZXPSAXFodHRwczovL3d3dy5lc3BuLmNvbS9tbGIvc3RvcnkvXy9pZC8zODI5OTU0Ni9ndWFyZGlhbnMtZ3JhYi1sdWNhcy1naW9saXRvLWFuZ2Vscy1jYXN0b2Zmcy1maW5kLWhvbWVzP3BsYXRmb3JtPWFtcA?hl=en-US&gl=US&ceid=US%3Aen
Are Guardians' Waiver Wire Moves Enough To Win The AL Central?,Sports Illustrated,2023-08-31T21:12:47Z,https://news.google.com/articles/CBMiZWh0dHBzOi8vd3d3LnNpLmNvbS9tbGIvZ3VhcmRpYW5zL29waW5pb24vYXJlLWd1YXJkaWFucy13YWl2ZXItd2lyZS1tb3Zlcy1lbm91Z2gtdG8td2luLXRoZS1hbC1jZW50cmFs0gEA?hl=en-US&gl=US&ceid=US%3Aen
"Waiver Claims: Reds Getting Bader and Renfroe, Guardians Getting Giolito, Lopez, AND Moore (UPDATE: Cubs Tried)",bleachernation.com,2023-08-31T17:44:19Z,https://news.google.com/articles/CBMihgFodHRwczovL3d3dy5ibGVhY2hlcm5hdGlvbi5jb20vY3Vicy8yMDIzLzA4LzMxL3dhaXZlci1jbGFpbXMtcmVkcy1nZXR0aW5nLWJhZGVyLWFuZC1yZW5mcm9lLWd1YXJkaWFucy1nZXR0aW5nLWdpb2xpdG8tbG9wZXotYW5kLW1vb3JlL9IBAA?hl=en-US&gl=US&ceid=US%3Aen
"Ravens Bring Back Josh Johnson, Brent Urban, Kevon Seymour; Send Three to Injured Reserve",BaltimoreRavens.com,2023-08-31T21:06:10Z,https://news.google.com/articles/CBMib2h0dHBzOi8vd3d3LmJhbHRpbW9yZXJhdmVucy5jb20vbmV3cy9qb2huc29uLXNleW1vdXItdXJiYW4tbWl0Y2hlbGwtaGFtbS13aWxsaWFtcy1pbmp1cmVkLXJlc2VydmUtNTMtbWFuLXJvc3RlctIBAA?hl=en-US&gl=US&ceid=US%3Aen
4 longer term winners from Baltimore Ravens roster cuts,Ebony Bird,2023-08-31T16:04:20Z,https://news.google.com/articles/CBMiTGh0dHBzOi8vZWJvbnliaXJkLmNvbS9wb3N0cy9sb25nZXItdGVybS13aW5uZXJzLWJhbHRpbW9yZS1yYXZlbnMtcm9zdGVyLWN1dHPSAQA?hl=en-US&gl=US&ceid=US%3Aen
Is the Ravens’ recent miss rate on late-round picks a concern?,Baltimore Beatdown,2023-08-31T21:00:00Z,https://news.google.com/articles/CBMilgFodHRwczovL3d3dy5iYWx0aW1vcmViZWF0ZG93bi5jb20vMjAyMy84LzMxLzIzODU0MDI0L2lzLXRoZS1yYXZlbnMtcmVjZW50LW1pc3MtcmF0ZS1vbi1sYXRlLXJvdW5kLXBpY2tzLWEtY29uY2Vybi1iYWx0aW1vcmUta3l1LWtlbGx5LXR5bGVyLWJhZGllLXdhZGXSAaMBaHR0cHM6Ly93d3cuYmFsdGltb3JlYmVhdGRvd24uY29tL3BsYXRmb3JtL2FtcC8yMDIzLzgvMzEvMjM4NTQwMjQvaXMtdGhlLXJhdmVucy1yZWNlbnQtbWlzcy1yYXRlLW9uLWxhdGUtcm91bmQtcGlja3MtYS1jb25jZXJuLWJhbHRpbW9yZS1reXUta2VsbHktdHlsZXItYmFkaWUtd2FkZQ?hl=en-US&gl=US&ceid=US%3Aen
"Ravens put 3 players on injured reserve, bring back QB Josh Johnson and 2 others",Baltimore Sun,2023-08-31T21:50:10Z,https://news.google.com/articles/CBMikQFodHRwczovL3d3dy5iYWx0aW1vcmVzdW4uY29tL3Nwb3J0cy9yYXZlbnMvYnMtc3AtcmF2ZW5zLWFkZC1qb3NoLWpvaG5zb24ta2V2b24tc2V5bW91ci1icmVudC11cmJhbi0yMDIzMDgzMS1nZ3N5ZGduaGtiYzNiaDZnZ3V6d3VlMm50NC1zdG9yeS5odG1s0gEA?hl=en-US&gl=US&ceid=US%3Aen
Raiders sign 4 players to practice squad,Raiders.com,2023-08-31T20:57:27Z,https://news.google.com/articles/CBMibGh0dHBzOi8vd3d3LnJhaWRlcnMuY29tL25ld3MvcmFpZGVycy1zaWduLTQtcGxheWVycy10by1wcmFjdGljZS1zcXVhZC1uZmwtdHJhbnNhY3Rpb25zLTIwMjMtbWFycXVlei1jYWxsYXdhedIBAA?hl=en-US&gl=US&ceid=US%3Aen
Matt LaFleur believes young roster is 'group of guys that love football',Packers.com,2023-08-30T22:46:37Z,https://news.google.com/articles/CBMiaWh0dHBzOi8vd3d3LnBhY2tlcnMuY29tL3ZpZGVvL21hdHQtbGFmbGV1ci1iZWxpZXZlcy15b3VuZy1yb3N0ZXItaXMtZ3JvdXAtb2YtZ3V5cy10aGF0LWxvdmUtZm9vdGJhbGwtMjAyM9IBAA?hl=en-US&gl=US&ceid=US%3Aen
Tyler Lockett - Mic'd Up,Seahawks.com,2023-08-31T00:12:28Z,https://news.google.com/articles/CBMiRmh0dHBzOi8vd3d3LnNlYWhhd2tzLmNvbS92aWRlby90eWxlci1sb2NrZXR0LW1pYy1kLXVwLWF0LXRyYWluaW5nLWNhbXDSAQA?hl=en-US&gl=US&ceid=US%3Aen
"Derwin James, Jr. on Preparing for the Dolphins in Week 1",Chargers.com,2023-08-30T22:08:39Z,https://news.google.com/articles/CBMiUmh0dHBzOi8vd3d3LmNoYXJnZXJzLmNvbS92aWRlby9kZXJ3aW4tamFtZXMtcHJlc3MtY29uZmVyZW5jZS13ZWRuZXNkYXktd2Vlay0wLTIwMjPSAQA?hl=en-US&gl=US&ceid=US%3Aen
DJ Campbell to start over Cole Hutson for Texas at RG,Burnt Orange Nation,2023-08-31T21:14:58Z,https://news.google.com/articles/CBMiWmh0dHBzOi8vd3d3LmJ1cm50b3JhbmdlbmF0aW9uLmNvbS8yMDIzLzgvMzEvMjM4NTQ2MDYvZGotY2FtcGJlbGwtdGV4YXMtbG9uZ2hvcm5zLXJpY2Utb3dsc9IBZ2h0dHBzOi8vd3d3LmJ1cm50b3JhbmdlbmF0aW9uLmNvbS9wbGF0Zm9ybS9hbXAvMjAyMy84LzMxLzIzODU0NjA2L2RqLWNhbXBiZWxsLXRleGFzLWxvbmdob3Jucy1yaWNlLW93bHM?hl=en-US&gl=US&ceid=US%3Aen
Steve Sarkisian reveals how Texas will handle QB rotation during season-opener,On3,2023-08-31T16:30:56Z,https://news.google.com/articles/CBMinQFodHRwczovL3d3dy5vbjMuY29tL2NvbGxlZ2UvdGV4YXMtbG9uZ2hvcm5zL25ld3MvdGV4YXMtaGVhZC1jb2FjaC1zdGV2ZS1zYXJraXNpYW4tcmV2ZWFscy1xdWFydGVyYmFjay1yb3RhdGlvbi13ZWVrLTEtcXVpbm4tZXdlcnMtYXJjaC1tYW5uaW5nLW1hYWxpay1tdXJwaHkv0gEA?hl=en-US&gl=US&ceid=US%3Aen
"Longhorns vs. Owls Week 1: How to Watch, Betting Odds",Sports Illustrated,2023-09-01T00:33:21Z,https://news.google.com/articles/CBMiYWh0dHBzOi8vd3d3LnNpLmNvbS9jb2xsZWdlL3RleGFzL2Zvb3RiYWxsL3RleGFzLWxvbmdob3Jucy1yaWNlLW93bHMtcXVpbm4tZXdlcnMtanQtZGFuaWVscy13ZWVrLTHSAWZodHRwczovL3d3dy5zaS5jb20vY29sbGVnZS90ZXhhcy8uYW1wL2Zvb3RiYWxsL3RleGFzLWxvbmdob3Jucy1yaWNlLW93bHMtcXVpbm4tZXdlcnMtanQtZGFuaWVscy13ZWVrLTE?hl=en-US&gl=US&ceid=US%3Aen
"How to watch Texas-Rice: Start time, TV broadcast and more stories to know",Austin American-Statesman,2023-08-31T17:18:29Z,https://news.google.com/articles/CBMitQFodHRwczovL3d3dy5zdGF0ZXNtYW4uY29tL3N0b3J5L3Nwb3J0cy9jb2xsZWdlL2xvbmdob3Jucy9mb290YmFsbC8yMDIzLzA4LzMxL2hvdy10by13YXRjaC10ZXhhcy1sb25naG9ybnMtdnMtcmljZS1vd2xzLWNvbGxlZ2UtZm9vdGJhbGwtc3RhcnQtdGltZS10di1icm9hZGNhc3QtYW5kLW1vcmUvNzA3Mjc3MDUwMDcv0gEA?hl=en-US&gl=US&ceid=US%3Aen
Cubs Calling Up Former All-Star Pitcher,Sports Mockery,2023-08-31T18:41:03Z,https://news.google.com/articles/CBMiU2h0dHBzOi8vd3d3LnNwb3J0c21vY2tlcnkuY29tL2NoaWNhZ28tY3Vicy9jdWJzLWNhbGxpbmctdXAtZm9ybWVyLWFsbC1zdGFyLXBpdGNoZXIv0gFXaHR0cHM6Ly93d3cuc3BvcnRzbW9ja2VyeS5jb20vY2hpY2Fnby1jdWJzL2N1YnMtY2FsbGluZy11cC1mb3JtZXItYWxsLXN0YXItcGl0Y2hlci8_YW1w?hl=en-US&gl=US&ceid=US%3Aen
"Cubs reportedly calling up standout prospect, veteran pitcher - Cubs Baseball News - CubsHQ",CubsHQ,2023-08-31T19:50:45Z,https://news.google.com/articles/CBMidmh0dHBzOi8vd3d3LmN1YnNocS5jb20vY3Vicy1iYXNlYmFsbC9zdG9yeS9icmVha2luZy1jdWJzLXJlcG9ydGVkbHktY2FsbGluZy11cC1zdGFuZG91dC1wcm9zcGVjdC12ZXRlcmFuLXBpdGNoZXItMjEwNTHSAQA?hl=en-US&gl=US&ceid=US%3Aen
Chicago Cubs Minor League Recap: Brennen Davis is Back,Cubbies Crib,2023-08-30T18:00:11Z,https://news.google.com/articles/CBMiYGh0dHBzOi8vY3ViYmllc2NyaWIuY29tL3Bvc3RzL2NoaWNhZ28tY3Vicy1taW5vci1sZWFndWUtcmVjYXAtYnJlbm5lbi1kYXZpcy1pcy1iYWNrLTAxaDkzZ2VhejJ4btIBAA?hl=en-US&gl=US&ceid=US%3Aen
Cubs Calling Up Stud Outfielder from Triple-A,Sports Mockery,2023-08-31T19:10:38Z,https://news.google.com/articles/CBMiWWh0dHBzOi8vd3d3LnNwb3J0c21vY2tlcnkuY29tL2NoaWNhZ28tY3Vicy9jdWJzLWNhbGxpbmctdXAtc3R1ZC1vdXRmaWVsZGVyLWZyb20tdHJpcGxlLWEv0gFdaHR0cHM6Ly93d3cuc3BvcnRzbW9ja2VyeS5jb20vY2hpY2Fnby1jdWJzL2N1YnMtY2FsbGluZy11cC1zdHVkLW91dGZpZWxkZXItZnJvbS10cmlwbGUtYS8_YW1w?hl=en-US&gl=US&ceid=US%3Aen
Live report as Delaware Blue Hens open football season at Stony Brook,The News Journal,2023-09-01T04:18:45Z,https://news.google.com/articles/CBMilAFodHRwczovL3d3dy5kZWxhd2FyZW9ubGluZS5jb20vc3Rvcnkvc3BvcnRzL2NvbGxlZ2UvdWQvMjAyMy8wOC8zMS9saXZlLXJlcG9ydC1hcy1kZWxhd2FyZS1ibHVlLWhlbnMtb3Blbi1mb290YmFsbC1zZWFzb24tYXQtc3RvbnktYnJvb2svNzA2MDQxOTUwMDcv0gEA?hl=en-US&gl=US&ceid=US%3Aen
Highlights: Delaware vs. Stony Brook | 2023 CAA Football,FloFootball,2023-09-01T02:19:25Z,https://news.google.com/articles/CCAiC29namo2Tjd1b1hNmAEB?hl=en-US&gl=US&ceid=US%3Aen
How to Watch the Stony Brook vs. Delaware Game: Streaming & TV Info,WBNG,2023-08-31T17:23:00Z,https://news.google.com/articles/CBMiZ2h0dHBzOi8vd3d3LndibmcuY29tL3Nwb3J0cy9iZXR0aW5nLzIwMjMvMDgvMzEvc3RvbnktYnJvb2stdnMtZGVsYXdhcmUtY29sbGVnZS1mb290YmFsbC1saXZlLXN0cmVhbS10di_SAQA?hl=en-US&gl=US&ceid=US%3Aen
"O'Connor, Yarns lead Delaware past Stony Brook, 37-13 in CAA season-opener",The Washington Post,2023-09-01T05:50:00Z,https://news.google.com/articles/CBMifmh0dHBzOi8vd3d3Lndhc2hpbmd0b25wb3N0LmNvbS9zcG9ydHMvY29sbGVnZXMvMjAyMy8wOC8zMS9kZWxhd2FyZS1zdG9ueS1icm9vay80ZWYxMjM5Mi00ODcyLTExZWUtYjc2Yi0wYjZlNWU5MjA5MGRfc3RvcnkuaHRtbNIBAA?hl=en-US&gl=US&ceid=US%3Aen
Italian GP: F1 technical images from the pitlane explained,Motorsport.com,2023-08-31T19:14:18Z,https://news.google.com/articles/CBMiVWh0dHBzOi8vd3d3Lm1vdG9yc3BvcnQuY29tL2YxL25ld3MvaXRhbGlhbi1ncC1mMS10ZWNobmljYWwtcGhvdG9zLWV4cGxhaW5lZC8xMDUxNDExNS_SAQA?hl=en-US&gl=US&ceid=US%3Aen
"F1 Italian Grand Prix odds, podium predictions: Max Verstappen goes for consecutive wins record",The Athletic,2023-09-01T04:37:31Z,https://news.google.com/articles/CBMiWWh0dHBzOi8vdGhlYXRobGV0aWMuY29tLzQ4MjMzNDgvMjAyMy8wOS8wMS9mMS1pdGFsaWFuLWdyYW5kLXByaXgtb2Rkcy1wb2RpdW0tcHJlZGljdGlvbnMv0gFfaHR0cHM6Ly90aGVhdGhsZXRpYy5jb20vNDgyMzM0OC8yMDIzLzA5LzAxL2YxLWl0YWxpYW4tZ3JhbmQtcHJpeC1vZGRzLXBvZGl1bS1wcmVkaWN0aW9ucy8_YW1wPTE?hl=en-US&gl=US&ceid=US%3Aen
'Monza is under-pressure Sargeant's best chance to shine',Formula 1,2023-08-30T16:04:46Z,https://news.google.com/articles/CBMikQFodHRwczovL3d3dy5mb3JtdWxhMS5jb20vZW4vbGF0ZXN0L2FydGljbGUucGFsbWVyLW1vbnphLWlzLXVuZGVyLXByZXNzdXJlLXNhcmdlYW50cy1iZXN0LWNoYW5jZS10by1zaGluZS1oZS1tdXN0LWdyYWIuNTR3TEl3MER4d2pRS1AwaHIwb3JnZS5odG1s0gEA?hl=en-US&gl=US&ceid=US%3Aen
Monza Check-in with Geunther Steiner | FAN Morning Show,SPORTSNET,2023-08-31T15:30:06Z,https://news.google.com/articles/CCAiC1RpVXphRzlHOFdvmAEB?hl=en-US&gl=US&ceid=US%3Aen
Travis Kelce is in his beardless stache era,NFL,2023-08-31T19:00:10Z,https://news.google.com/articles/CCAiC01hOFR1a2lVRFI4mAEB?hl=en-US&gl=US&ceid=US%3Aen
& There it is 😌 @NFLFilms #shorts,NFL,2023-08-31T20:00:07Z,https://news.google.com/articles/CCAiC1FZZG1GTm1HVW9rmAEB?hl=en-US&gl=US&ceid=US%3Aen
Gronk at the @usopen 🎾,NFL,2023-08-31T21:00:20Z,https://news.google.com/articles/CCAiC0xNMUZIZ3h5aFZNmAEB?hl=en-US&gl=US&ceid=US%3Aen
@eagles Jordan Davis: DT and... sports commentator?!?!,NFL,2023-08-31T16:00:40Z,https://news.google.com/articles/CCAiC3E2c3Z6WTY1d0JjmAEB?hl=en-US&gl=US&ceid=US%3Aen
"Eagles work out three punters, including Pat O'Donnell",NBC Sports,2023-08-31T22:25:09Z,https://news.google.com/articles/CBMicmh0dHBzOi8vd3d3Lm5iY3Nwb3J0cy5jb20vbmZsL3Byb2Zvb3RiYWxsdGFsay9ydW1vci1taWxsL25ld3MvZWFnbGVzLXdvcmstb3V0LXRocmVlLXB1bnRlcnMtaW5jbHVkaW5nLXBhdC1vZG9ubmVsbNIBAA?hl=en-US&gl=US&ceid=US%3Aen
Eagles practice squad filled out with 3 more signings,Bleeding Green Nation,2023-08-31T16:53:29Z,https://news.google.com/articles/CBMimQFodHRwczovL3d3dy5ibGVlZGluZ2dyZWVubmF0aW9uLmNvbS8yMDIzLzgvMzEvMjM4NTQwNTEvZWFnbGVzLXByYWN0aWNlLXNxdWFkLXNpZ25pbmdzLW5mbC1uZXdzLXRob21hcy1ib29rZXItdGlhd2FuLW11bGxlbi1sZXJhdmVuLWNsYXJrLXBoaWxhZGVscGhpYS1iZ27SAaYBaHR0cHM6Ly93d3cuYmxlZWRpbmdncmVlbm5hdGlvbi5jb20vcGxhdGZvcm0vYW1wLzIwMjMvOC8zMS8yMzg1NDA1MS9lYWdsZXMtcHJhY3RpY2Utc3F1YWQtc2lnbmluZ3MtbmZsLW5ld3MtdGhvbWFzLWJvb2tlci10aWF3YW4tbXVsbGVuLWxlcmF2ZW4tY2xhcmstcGhpbGFkZWxwaGlhLWJnbg?hl=en-US&gl=US&ceid=US%3Aen
Roseman has built an Eagles roster that's talented and young,NBC Sports Philadelphia,2023-08-31T12:17:03Z,https://news.google.com/articles/CBMihwFodHRwczovL3d3dy5uYmNzcG9ydHNwaGlsYWRlbHBoaWEuY29tL25mbC9waGlsYWRlbHBoaWEtZWFnbGVzL2hvd2llLXJvc2VtYW4taGFzLWJ1aWx0LWFuLWVhZ2xlcy1yb3N0ZXItdGhhdHMtdGFsZW50ZWQtYW5kLXlvdW5nLzUzNDI1My_SAY0BaHR0cHM6Ly93d3cubmJjc3BvcnRzcGhpbGFkZWxwaGlhLmNvbS9uZmwvcGhpbGFkZWxwaGlhLWVhZ2xlcy9ob3dpZS1yb3NlbWFuLWhhcy1idWlsdC1hbi1lYWdsZXMtcm9zdGVyLXRoYXRzLXRhbGVudGVkLWFuZC15b3VuZy81MzQyNTMvP2FtcD0x?hl=en-US&gl=US&ceid=US%3Aen
"Devon Allen Cut By the Eagles, Added to Practice Squad",Runner's World,2023-08-31T19:26:58Z,https://news.google.com/articles/CBMiSGh0dHBzOi8vd3d3LnJ1bm5lcnN3b3JsZC5jb20vbmV3cy9hNDQ5NjM5NTIvZGV2b24tYWxsZW4tY3V0LWZyb20tcm9zdGVyL9IBAA?hl=en-US&gl=US&ceid=US%3Aen
LIVE on FloFootball: William & Mary vs Campbell,FloFootball,2023-09-01T02:14:35Z,https://news.google.com/articles/CCAiC1FKOGxmbXczOWM0mAEB?hl=en-US&gl=US&ceid=US%3Aen
"Yoder rans for 2 TDs, Wilson passes for 2 as William & Mary tops Campbell 34-24 in CAA opener",CT Insider,2023-09-01T02:21:02Z,https://news.google.com/articles/CBMiYWh0dHBzOi8vd3d3LmN0aW5zaWRlci5jb20vc3BvcnRzL2FydGljbGUveW9kZXItcmFucy1mb3ItMi10ZHMtd2lsc29uLXBhc3Nlcy1mb3ItMi1hcy0xODM0MTgzNy5waHDSAQA?hl=en-US&gl=US&ceid=US%3Aen
How to Watch the William & Mary vs. Campbell Game: Streaming & TV Info,NBC 29,2023-08-31T17:24:00Z,https://news.google.com/articles/CBMiaWh0dHBzOi8vd3d3Lm5iYzI5LmNvbS9zcG9ydHMvYmV0dGluZy8yMDIzLzA4LzMxL3dpbGxpYW0tbWFyeS12cy1jYW1wYmVsbC1jb2xsZWdlLWZvb3RiYWxsLWxpdmUtc3RyZWFtLXR2L9IBAA?hl=en-US&gl=US&ceid=US%3Aen
William And Mary Football Score Vs. Campbell 2023: Recap,FloFootball,2023-09-01T01:52:30Z,https://news.google.com/articles/CBMiZGh0dHBzOi8vd3d3LmZsb2Zvb3RiYWxsLmNvbS9hcnRpY2xlcy8xMTIxMzQ5OS13aWxsaWFtLWFuZC1tYXJ5LWZvb3RiYWxsLXNjb3JlLXZzLWNhbXBiZWxsLTIwMjMtcmVjYXDSAQA?hl=en-US&gl=US&ceid=US%3Aen
Chicago Bears name 2023 team captains,ChicagoBears.com,2023-08-31T23:02:23Z,https://news.google.com/articles/CBMicWh0dHBzOi8vd3d3LmNoaWNhZ29iZWFycy5jb20vbmV3cy9xdWljay1oaXRzLWJlYXJzLW5hbWUtdGVhbS1jYXB0YWlucy0yMDIzLWp1c3Rpbi1maWVsZHMtZGotbW9vcmUtamFja3Nvbi1lZG11bmRz0gEA?hl=en-US&gl=US&ceid=US%3Aen
Chicago Bears announce 2023 team captains,Chicago Bears Wire,2023-08-31T19:25:00Z,https://news.google.com/articles/CBMiYmh0dHBzOi8vYmVhcnN3aXJlLnVzYXRvZGF5LmNvbS8yMDIzLzA4LzMxL2NoaWNhZ28tYmVhcnMtMjAyMy10ZWFtLWNhcHRhaW5zLWp1c3Rpbi1maWVsZHMtZGotbW9vcmUv0gEA?hl=en-US&gl=US&ceid=US%3Aen
Rams name 2023 season captains,therams.com,2023-08-31T00:37:32Z,https://news.google.com/articles/CBMiZWh0dHBzOi8vd3d3LnRoZXJhbXMuY29tL25ld3MvcmFtcy1uYW1lLTIwMjMtc2Vhc29uLWNhcHRhaW5zLW1hdHRoZXctc3RhZmZvcmQtY29vcGVyLWt1cHAtYWFyb24tZG9uYWxk0gEA?hl=en-US&gl=US&ceid=US%3Aen
Bears name their captains for the 2023-24 NFL season,NBC Sports Chicago,2023-08-31T20:22:12Z,https://news.google.com/articles/CBMiemh0dHBzOi8vd3d3Lm5iY3Nwb3J0c2NoaWNhZ28uY29tL25mbC9jaGljYWdvLWJlYXJzL2JlYXJzLW5ld3MvYmVhcnMtbmFtZS10aGVpci1jYXB0YWlucy1mb3ItdGhlLTIwMjMtMjQtbmZsLXNlYXNvbi81MDQzOTEv0gGAAWh0dHBzOi8vd3d3Lm5iY3Nwb3J0c2NoaWNhZ28uY29tL25mbC9jaGljYWdvLWJlYXJzL2JlYXJzLW5ld3MvYmVhcnMtbmFtZS10aGVpci1jYXB0YWlucy1mb3ItdGhlLTIwMjMtMjQtbmZsLXNlYXNvbi81MDQzOTEvP2FtcD0x?hl=en-US&gl=US&ceid=US%3Aen
Stefanos Tsitsipas immediately dumps coach after US Open upset,New York Post ,2023-08-31T18:22:00Z,https://news.google.com/articles/CBMiVGh0dHBzOi8vbnlwb3N0LmNvbS8yMDIzLzA4LzMxL3N0ZWZhbm9zLXRzaXRzaXBhcy1maXJlcy1jb2FjaC1hZnRlci11cy1vcGVuLWRpc2FzdGVyL9IBWGh0dHBzOi8vbnlwb3N0LmNvbS8yMDIzLzA4LzMxL3N0ZWZhbm9zLXRzaXRzaXBhcy1maXJlcy1jb2FjaC1hZnRlci11cy1vcGVuLWRpc2FzdGVyL2FtcC8?hl=en-US&gl=US&ceid=US%3Aen
Carnage at the US Open as men’s seeds fall,Tennis Majors,2023-08-31T15:28:04Z,https://news.google.com/articles/CBMioAFodHRwczovL3d3dy50ZW5uaXNtYWpvcnMuY29tL3VzLW9wZW4tbmV3cy9ydW5lLXJ1dWQtdHNpdHNpcGFzLWNhcm5hZ2UtYXQtdGhlLXVzLW9wZW4td2l0aC05LW9mLXRoZS0xNi1ib3R0b20tc2VlZHMtZWxpbWluYXRlZC1iZWZvcmUtdGhlLXRoaXJkLXJvdW5kLTcwOTg2NC5odG1s0gEA?hl=en-US&gl=US&ceid=US%3Aen
"""I was not good enough"": Tsitsipas refuses to blame US Open loss on team with absence of father Apostolos",TennisUpToDate.com,2023-08-31T18:30:00Z,https://news.google.com/articles/CBMihQFodHRwczovL3Rlbm5pc3VwdG9kYXRlLmNvbS9hdHAvaS13YXMtbm90LWdvb2QtZW5vdWdoLXRzaXRzaXBhcy1yZWZ1c2VzLXRvLWJsYW1lLXVzLW9wZW4tbG9zcy1vbi10ZWFtLXdpdGgtYWJzZW5jZS1vZi1mYXRoZXItYXBvc3RvbG9z0gEA?hl=en-US&gl=US&ceid=US%3Aen
Mark Philippoussis dumped again after Stefanos Tsitsipas disaster at US Open,Yahoo Sport Australia,2023-08-31T06:36:00Z,https://news.google.com/articles/CBMieWh0dHBzOi8vYXUuc3BvcnRzLnlhaG9vLmNvbS90ZW5uaXMtdXMtb3Blbi1tYXJrLXBoaWxpcHBvdXNzaXMtZHVtcGVkLWFnYWluLXN0ZWZhbm9zLXRzaXRzaXBhcy1zaG9jay1kZWZlYXQtMDYzNjAxMzEwLmh0bWzSAQA?hl=en-US&gl=US&ceid=US%3Aen
Raiders 53-man roster: 5 surprises from cutdown day,Silver And Black Pride,2023-08-31T16:39:00Z,https://news.google.com/articles/CBMiVmh0dHBzOi8vd3d3LnNpbHZlcmFuZGJsYWNrcHJpZGUuY29tLzIwMjMvOC8zMS8yMzg1MTM0NS9yYWlkZXJzLTUzLW1hbi1yb3N0ZXItc3VycHJpc2Vz0gFjaHR0cHM6Ly93d3cuc2lsdmVyYW5kYmxhY2twcmlkZS5jb20vcGxhdGZvcm0vYW1wLzIwMjMvOC8zMS8yMzg1MTM0NS9yYWlkZXJzLTUzLW1hbi1yb3N0ZXItc3VycHJpc2Vz?hl=en-US&gl=US&ceid=US%3Aen
Las Vegas Raiders sign 14 players to their practice squad,Sports Illustrated,2023-08-31T01:55:46Z,https://news.google.com/articles/CBMiZ2h0dHBzOi8vd3d3LnNpLmNvbS9uZmwvcmFpZGVycy9uZXdzL2xhcy12ZWdhcy1yYWlkZXJzLXByYWN0aWNlLXNxdWFkLTUzLW1hbi1yb3N0ZXItdW5kcmFmdGVkLWZyZWUtYWdlbnTSAQA?hl=en-US&gl=US&ceid=US%3Aen
"2023 Las Vegas Raiders Over/Under win total odds, predictions, picks",FOX Sports,2023-08-31T21:33:42Z,https://news.google.com/articles/CBMiaGh0dHBzOi8vd3d3LmZveHNwb3J0cy5jb20vc3Rvcmllcy9uZmwvMjAyMy1sYXMtdmVnYXMtcmFpZGVycy1vdmVyLXVuZGVyLXdpbi10b3RhbC1vZGRzLXByZWRpY3Rpb25zLXBpY2tz0gEA?hl=en-US&gl=US&ceid=US%3Aen
Raiders roster: Submit your post-cutdown day mailbag questions!,Silver And Black Pride,2023-08-31T18:07:00Z,https://news.google.com/articles/CBMiY2h0dHBzOi8vd3d3LnNpbHZlcmFuZGJsYWNrcHJpZGUuY29tLzIwMjMvOC8zMS8yMzg1Mjc3My9yYWlkZXJzLXJvc3Rlci1jdXRkb3duLWRheS1tYWlsYmFnLXF1ZXN0aW9uc9IBcGh0dHBzOi8vd3d3LnNpbHZlcmFuZGJsYWNrcHJpZGUuY29tL3BsYXRmb3JtL2FtcC8yMDIzLzgvMzEvMjM4NTI3NzMvcmFpZGVycy1yb3N0ZXItY3V0ZG93bi1kYXktbWFpbGJhZy1xdWVzdGlvbnM?hl=en-US&gl=US&ceid=US%3Aen
"Aaron Rodgers calls Jets move a 'beautiful dream,' says he was destined for New York: 'How cool is my life?'",CBS Sports,2023-08-31T22:03:03Z,https://news.google.com/articles/CBMiiQFodHRwczovL3d3dy5jYnNzcG9ydHMuY29tL25mbC9uZXdzL2Fhcm9uLXJvZGdlcnMtY2FsbHMtamV0cy1tb3ZlLWEtYmVhdXRpZnVsLWRyZWFtLXNheXMtaGUtd2FzLWRlc3RpbmVkLWZvci1uZXcteW9yay1ob3ctY29vbC1pcy1teS1saWZlL9IBjQFodHRwczovL3d3dy5jYnNzcG9ydHMuY29tL25mbC9uZXdzL2Fhcm9uLXJvZGdlcnMtY2FsbHMtamV0cy1tb3ZlLWEtYmVhdXRpZnVsLWRyZWFtLXNheXMtaGUtd2FzLWRlc3RpbmVkLWZvci1uZXcteW9yay1ob3ctY29vbC1pcy1teS1saWZlL2FtcC8?hl=en-US&gl=US&ceid=US%3Aen
I'll admit it: I like Aaron Rodgers,NBC Sports,2023-09-01T00:58:11Z,https://news.google.com/articles/CBMiX2h0dHBzOi8vd3d3Lm5iY3Nwb3J0cy5jb20vbmZsL3Byb2Zvb3RiYWxsdGFsay9ydW1vci1taWxsL25ld3MvaWxsLWFkbWl0LWl0LWktbGlrZS1hYXJvbi1yb2RnZXJz0gEA?hl=en-US&gl=US&ceid=US%3Aen
Aaron Rodgers compares Jets experience to waking up inside of a ‘beautiful dream',Yahoo Sports,2023-09-01T00:21:00Z,https://news.google.com/articles/CBMiTmh0dHBzOi8vc3BvcnRzLnlhaG9vLmNvbS9hYXJvbi1yb2RnZXJzLWNvbXBhcmVzLWV4cGVyaWVuY2UtamV0cy0wMDEwMzg5OTcuaHRtbNIBVmh0dHBzOi8vc3BvcnRzLnlhaG9vLmNvbS9hbXBodG1sL2Fhcm9uLXJvZGdlcnMtY29tcGFyZXMtZXhwZXJpZW5jZS1qZXRzLTAwMTAzODk5Ny5odG1s?hl=en-US&gl=US&ceid=US%3Aen
Zach Wilson gets 'Hard Knocks' revenge on Aaron Rodgers,New York Post ,2023-08-31T16:01:00Z,https://news.google.com/articles/CBMiV2h0dHBzOi8vbnlwb3N0LmNvbS8yMDIzLzA4LzMxL3phY2gtd2lsc29uLWdldHMtcmV2ZW5nZS1vbi1hYXJvbi1yb2RnZXJzLW9uLWhhcmQta25vY2tzL9IBW2h0dHBzOi8vbnlwb3N0LmNvbS8yMDIzLzA4LzMxL3phY2gtd2lsc29uLWdldHMtcmV2ZW5nZS1vbi1hYXJvbi1yb2RnZXJzLW9uLWhhcmQta25vY2tzL2FtcC8?hl=en-US&gl=US&ceid=US%3Aen
USC HC Lincoln Riley l Nevada Thursday,USCAthletics,2023-08-31T18:33:06Z,https://news.google.com/articles/CCAiC1VEOUE5QmR6V1ZJmAEB?hl=en-US&gl=US&ceid=US%3Aen
USC defensive back suspended for first half vs. Nevada,Saturday Out West,2023-09-01T00:38:16Z,https://news.google.com/articles/CBMiXmh0dHBzOi8vc2F0dXJkYXlvdXR3ZXN0LmNvbS91c2MtdHJvamFucy91c2MtZGVmZW5zaXZlLWJhY2stc3VzcGVuZGVkLWZvci1maXJzdC1oYWxmLXZzLW5ldmFkYS_SAQA?hl=en-US&gl=US&ceid=US%3Aen
"Odds, preview and prediction for Nevada vs. USC in college football",Sports Illustrated,2023-08-31T17:49:17Z,https://news.google.com/articles/CBMic2h0dHBzOi8vd3d3LnNpLmNvbS9jb2xsZWdlL3VzYy9iZXR0aW5nL25ldmFkYS12cy11c2MtcHJlZGljdGlvbi1jZmItcGlja3MtYmVzdC1iZXRzLW9kZHMtZm9yLXNhdHVyZGF5LTktMi04LTMxLTIwMjPSAQA?hl=en-US&gl=US&ceid=US%3Aen
"Lincoln Riley, USC may already be in trouble for playing ineligible player in Week 0",FanSided,2023-08-31T23:39:19Z,https://news.google.com/articles/CBMiTWh0dHBzOi8vZmFuc2lkZWQuY29tL3Bvc3RzL2xpbmNvbG4tcmlsZXktdXNjLXRyb3VibGUtaW5lbGlnaWJsZS1wbGF5ZXItd2Vlay0w0gEA?hl=en-US&gl=US&ceid=US%3Aen
Report: Connor Bedard Will Play In The Tom Kurvers Showcase - Which Gives Me Pause,bleachernation.com,2023-08-31T19:18:08Z,https://news.google.com/articles/CBMihQFodHRwczovL3d3dy5ibGVhY2hlcm5hdGlvbi5jb20vYmxhY2toYXdrcy8yMDIzLzA4LzMxL3JlcG9ydC1jb25ub3ItYmVkYXJkLXdpbGwtcGxheS1pbi10aGUtdG9tLWt1cnZlcnMtc2hvd2Nhc2Utd2hpY2gtZ2l2ZXMtbWUtcGF1c2Uv0gEA?hl=en-US&gl=US&ceid=US%3Aen
Can't-Miss Road Games for the Panthers in 2023-24,NHL.com,2023-09-01T00:44:45Z,https://news.google.com/articles/CBMiXmh0dHBzOi8vd3d3Lm5obC5jb20vcGFudGhlcnMvbmV3cy9jYW50LW1pc3Mtcm9hZC1nYW1lcy1mb3ItdGhlLXBhbnRoZXJzLWluLTIwMjMtMjQvYy0zNDU3MTI0OTDSAQA?hl=en-US&gl=US&ceid=US%3Aen
Which Avalanche games will be nationally televised for the 2023-24 season?,The Hockey News,2023-08-31T21:07:00Z,https://news.google.com/articles/CBMif2h0dHBzOi8vdGhlaG9ja2V5bmV3cy5jb20vbmhsL2NvbG9yYWRvLWF2YWxhbmNoZS9uZXdzL3doaWNoLWF2YWxhbmNoZS1nYW1lcy13aWxsLWJlLW5hdGlvbmFsbHktdGVsZXZpc2VkLWZvci10aGUtMjAyMy0yNC1zZWFzb27SAYQBaHR0cHM6Ly90aGVob2NrZXluZXdzLmNvbS9uaGwvY29sb3JhZG8tYXZhbGFuY2hlLy5hbXAvbmV3cy93aGljaC1hdmFsYW5jaGUtZ2FtZXMtd2lsbC1iZS1uYXRpb25hbGx5LXRlbGV2aXNlZC1mb3ItdGhlLTIwMjMtMjQtc2Vhc29u?hl=en-US&gl=US&ceid=US%3Aen
TNT to Air 62 NHL Games During 2023-24 Season – See the Complete Schedule!,The TV Answer Man ,2023-08-31T14:18:45Z,https://news.google.com/articles/CBMia2h0dHBzOi8vdHZhbnN3ZXJtYW4uY29tLzIwMjMvMDgvMzEvdG50LXRvLWFpci02Mi1uaGwtZ2FtZXMtZHVyaW5nLTIwMjMtMjQtc2Vhc29uLXNlZS10aGUtY29tcGxldGUtc2NoZWR1bGUv0gEA?hl=en-US&gl=US&ceid=US%3Aen
LAFC-Inter Miami ticket prices soar as Messi visits Los Angeles for MLS match,CNN,2023-08-31T17:38:00Z,https://news.google.com/articles/CBMiV2h0dHBzOi8vd3d3LmNubi5jb20vMjAyMy8wOC8zMS9idXNpbmVzcy9pbnRlci1taWFtaS1sYWZjLW1lc3NpLXRpY2tldC1wcmljZXMvaW5kZXguaHRtbNIBAA?hl=en-US&gl=US&ceid=US%3Aen
"Messi is running MLS, but he’s still human after all as Inter Miami settles for 0-0 draw | Opinion",Miami Herald,2023-08-31T02:11:00Z,https://news.google.com/articles/CBMiVGh0dHBzOi8vd3d3Lm1pYW1paGVyYWxkLmNvbS9zcG9ydHMvc3B0LWNvbHVtbnMtYmxvZ3MvZ3JlZy1jb3RlL2FydGljbGUyNzg3MzE4MDkuaHRtbNIBVGh0dHBzOi8vYW1wLm1pYW1paGVyYWxkLmNvbS9zcG9ydHMvc3B0LWNvbHVtbnMtYmxvZ3MvZ3JlZy1jb3RlL2FydGljbGUyNzg3MzE4MDkuaHRtbA?hl=en-US&gl=US&ceid=US%3Aen
"Inter Miami CF 0-0 Nashville SC (Aug 30, 2023) Game Analysis",ESPN,2023-08-31T03:36:18Z,https://news.google.com/articles/CBMiMmh0dHBzOi8vd3d3LmVzcG4uY29tL3NvY2Nlci9yZXBvcnQvXy9nYW1lSWQvNjU5OTQ30gEA?hl=en-US&gl=US&ceid=US%3Aen
"HIGHLIGHTS: Inter Miami CF vs. Nashville SC | August 30, 2023",Major League Soccer,2023-08-31T02:30:26Z,https://news.google.com/articles/CCAiC2NSOFoxQWpWcGxjmAEB?hl=en-US&gl=US&ceid=US%3Aen
How Giants' playoff tiebreakers could impact end-of-season schedule,NBC Sports Bay Area,2023-08-31T17:44:12Z,https://news.google.com/articles/CBMiaWh0dHBzOi8vd3d3Lm5iY3Nwb3J0c2JheWFyZWEuY29tL21sYi9zYW4tZnJhbmNpc2NvLWdpYW50cy9tbGItcGxheW9mZi10aWVicmVha2Vycy13aWxkLWNhcmQtcmFjZS8xNjUxODk1L9IBb2h0dHBzOi8vd3d3Lm5iY3Nwb3J0c2JheWFyZWEuY29tL21sYi9zYW4tZnJhbmNpc2NvLWdpYW50cy9tbGItcGxheW9mZi10aWVicmVha2Vycy13aWxkLWNhcmQtcmFjZS8xNjUxODk1Lz9hbXA9MQ?hl=en-US&gl=US&ceid=US%3Aen
Hunter Greene sharp again as Cincinnati Reds salvage win over Giants,The Cincinnati Enquirer,2023-08-30T23:23:49Z,https://news.google.com/articles/CBMijQFodHRwczovL3d3dy5jaW5jaW5uYXRpLmNvbS9zdG9yeS9zcG9ydHMvbWxiL3JlZHMvMjAyMy8wOC8zMC9odW50ZXItZ3JlZW5lLXNoYXJwLWFnYWluLWFzLWNpbmNpbm5hdGktcmVkcy1zYWx2YWdlLXdpbi1vdmVyLWdpYW50cy83MDcyMjgxOTAwNy_SAQA?hl=en-US&gl=US&ceid=US%3Aen
SF Giants' playoff odds with a month to go: San Fran hanging around in tough race,Around the Foghorn,2023-08-31T16:01:10Z,https://news.google.com/articles/CBMicGh0dHBzOi8vYXJvdW5kdGhlZm9naG9ybi5jb20vcG9zdHMvc2YtZ2lhbnRzLXBsYXlvZmYtb2Rkcy13aXRoLW1vbnRoLXRvLWdvLXNhbi1mcmFuLWhhbmdpbmctYXJvdW5kLWluLXRvdWdoLXJhY2XSAQA?hl=en-US&gl=US&ceid=US%3Aen
"Reds 4-1 Giants (Aug 30, 2023) Game Recap",ESPN,2023-08-30T23:15:00Z,https://news.google.com/articles/CBMiMWh0dHBzOi8vd3d3LmVzcG4uY29tL21sYi9yZWNhcC9fL2dhbWVJZC80MDE0NzMwMTLSAQA?hl=en-US&gl=US&ceid=US%3Aen
What has gone wrong for the Texas Rangers? The team in Arlington only knows how to win big,Yahoo Sports,2023-08-31T19:35:41Z,https://news.google.com/articles/CBMigQFodHRwczovL3Nwb3J0cy55YWhvby5jb20vd2hhdC1oYXMtZ29uZS13cm9uZy1mb3ItdGhlLXRleGFzLXJhbmdlcnMtdGhlLXRlYW0taW4tYXJsaW5ndG9uLW9ubHkta25vd3MtaG93LXRvLXdpbi1iaWctMTkzNTQxMzA2Lmh0bWzSAYkBaHR0cHM6Ly9zcG9ydHMueWFob28uY29tL2FtcGh0bWwvd2hhdC1oYXMtZ29uZS13cm9uZy1mb3ItdGhlLXRleGFzLXJhbmdlcnMtdGhlLXRlYW0taW4tYXJsaW5ndG9uLW9ubHkta25vd3MtaG93LXRvLXdpbi1iaWctMTkzNTQxMzA2Lmh0bWw?hl=en-US&gl=US&ceid=US%3Aen
DJ Stewart's big night capped off by walk-off HBP‼ | MLB on ESPN,ESPN,2023-08-31T04:06:08Z,https://news.google.com/articles/CCAiC3FxQTBVWUxwMWZ3mAEB?hl=en-US&gl=US&ceid=US%3Aen
Marcus Semien's words of leadership prove Rangers are his team now,The Dallas Morning News,2023-08-31T00:36:31Z,https://news.google.com/articles/CBMihwFodHRwczovL3d3dy5kYWxsYXNuZXdzLmNvbS9zcG9ydHMvcmFuZ2Vycy8yMDIzLzA4LzMwL21hcmN1cy1zZW1pZW4tc3RlcHMtdXAtd2l0aC13b3Jkcy1vZi1sZWFkZXJzaGlwLXRvLXByb3ZlLXJhbmdlcnMtYXJlLWhpcy10ZWFtLW5vdy_SAZYBaHR0cHM6Ly93d3cuZGFsbGFzbmV3cy5jb20vc3BvcnRzL3JhbmdlcnMvMjAyMy8wOC8zMC9tYXJjdXMtc2VtaWVuLXN0ZXBzLXVwLXdpdGgtd29yZHMtb2YtbGVhZGVyc2hpcC10by1wcm92ZS1yYW5nZXJzLWFyZS1oaXMtdGVhbS1ub3cvP291dHB1dFR5cGU9YW1w?hl=en-US&gl=US&ceid=US%3Aen
Gary Cohen calls incredible double play in the 10th and DJ Stewart's walk-off hit by pitch | SNY,SNY,2023-08-31T17:36:35Z,https://news.google.com/articles/CCAiC2I3OTNra3VJY3djmAEB?hl=en-US&gl=US&ceid=US%3Aen
Coco Gauff Stands Up For Herself at the U.S. Open,NowThis News,2023-08-31T19:00:19Z,https://news.google.com/articles/CCAiC1RCX2UtaFg2RUswmAEB?hl=en-US&gl=US&ceid=US%3Aen
"Coco Gauff advocated for herself in the workplace, so of course, a white woman cried",TheGrio,2023-08-31T21:26:50Z,https://news.google.com/articles/CBMicmh0dHBzOi8vdGhlZ3Jpby5jb20vMjAyMy8wOC8zMS9jb2NvLWdhdWZmLWFkdm9jYXRlZC1mb3ItaGVyc2VsZi1pbi10aGUtd29ya3BsYWNlLXNvLW9mLWNvdXJzZS1hLXdoaXRlLXdvbWFuLWNyaWVkL9IBAA?hl=en-US&gl=US&ceid=US%3Aen
"Are Coco Gauff, Jimmy Butler Dating? Who's Her Boyfriend? Relationships – StyleCaster",STYLECASTER,2023-08-31T21:06:12Z,https://news.google.com/articles/CBMiXGh0dHBzOi8vc3R5bGVjYXN0ZXIuY29tL2VudGVydGFpbm1lbnQvY2VsZWJyaXR5LW5ld3MvMTYzMTg4NS9jb2NvLWdhdWZmLWppbW15LWJ1dGxlci1kYXRpbmcv0gEA?hl=en-US&gl=US&ceid=US%3Aen
Coco Gauff Reflects on Her Progress After Advancing in US Open: 'I Should Be Proud of Myself',PEOPLE,2023-08-31T15:43:42Z,https://news.google.com/articles/CBMiUmh0dHBzOi8vcGVvcGxlLmNvbS9jb2NvLWdhdWZmLXByb3VkLW9mLXByb2dyZXNzLWFmdGVyLWFkdmFuY2luZy1pbi11cy1vcGVuLTc5NjQxODPSAQA?hl=en-US&gl=US&ceid=US%3Aen
Michigan football opponent preview: East Carolina Pirates,Sports Illustrated,2023-08-31T19:13:42Z,https://news.google.com/articles/CBMiamh0dHBzOi8vd3d3LnNpLmNvbS9jb2xsZWdlL21pY2hpZ2FuL2Zvb3RiYWxsL21pY2hpZ2FuLWZvb3RiYWxsLTIwMjMtb3Bwb25lbnQtcHJldmlldy1lYXN0LWNhcm9saW5hLXBpcmF0ZXPSAQA?hl=en-US&gl=US&ceid=US%3Aen
"Maize&BlueReview - How to watch, stream, or listen to Michigan vs. East Carolina",Rivals.com - Michigan,2023-08-31T12:00:00Z,https://news.google.com/articles/CBMiW2h0dHBzOi8vbWljaGlnYW4ucml2YWxzLmNvbS9uZXdzL2hvdy10by13YXRjaC1zdHJlYW0tb3ItbGlzdGVuLXRvLW1pY2hpZ2FuLXZzLWVhc3QtY2Fyb2xpbmHSAQA?hl=en-US&gl=US&ceid=US%3Aen
What he said: ECU head coach Mike Houston talks Michigan football matchup,WolverinesWire,2023-08-31T03:51:00Z,https://news.google.com/articles/CBMikwFodHRwczovL3dvbHZlcmluZXN3aXJlLnVzYXRvZGF5LmNvbS8yMDIzLzA4LzMwL2Vhc3QtY2Fyb2xpbmEtcGlyYXRlcy1oZWFkLWNvYWNoLW1pa2UtaG91c3Rvbi1taWNoaWdhbi1mb290YmFsbC1wcmVzcy1jb25mZXJlbmNlLXdvbHZlcmluZXMtbWF0Y2h1cC_SAQA?hl=en-US&gl=US&ceid=US%3Aen
"Michigan vs. East Carolina 9/2: Preview, odds, predictions and best bets",MLive.com,2023-08-31T16:00:00Z,https://news.google.com/articles/CBMibmh0dHBzOi8vd3d3Lm1saXZlLmNvbS9iZXR0aW5nLzIwMjMvMDgvbWljaGlnYW4tdnMtZWFzdC1jYXJvbGluYS05Mi1wcmV2aWV3LW9kZHMtcHJlZGljdGlvbnMtYW5kLWJlc3QtYmV0cy5odG1s0gEA?hl=en-US&gl=US&ceid=US%3Aen
Key quotes from interview with Falcons general manager Terry Fontenot,AtlantaFalcons.com,2023-08-31T20:43:50Z,https://news.google.com/articles/CBMiZGh0dHBzOi8vd3d3LmF0bGFudGFmYWxjb25zLmNvbS9uZXdzL2V4Y2x1c2l2ZS1pbnRlcnZpZXctZ2VuZXJhbC1tYW5hZ2VyLXRlcnJ5LWZvbnRlbm90LTUzLW1hbi1yb3N0ZXLSAQA?hl=en-US&gl=US&ceid=US%3Aen
Falcons practice for first time with official 53-man roster,11Alive,2023-08-31T01:43:32Z,https://news.google.com/articles/CCAiC1lidGoxekJ6LXBZmAEB?hl=en-US&gl=US&ceid=US%3Aen
Which Falcons position group is the weakest entering Week 1?,Falcons Wire,2023-08-31T17:20:00Z,https://news.google.com/articles/CBMiUGh0dHBzOi8vdGhlZmFsY29uc3dpcmUudXNhdG9kYXkuY29tLzIwMjMvMDgvMzEvYXRsYW50YS1mYWxjb25zLXJvc3Rlci1jdXRzLXZvdGUv0gEA?hl=en-US&gl=US&ceid=US%3Aen
3 Questions the Atlanta Falcons are facing after roster cuts,Blogging Dirty,2023-08-31T13:00:00Z,https://news.google.com/articles/CBMia2h0dHBzOi8vYmxvZ2dpbmdkaXJ0eS5jb20vcG9zdHMvMy1xdWVzdGlvbnMtdGhlLWF0bGFudGEtZmFsY29ucy1hcmUtZmFjaW5nLWFmdGVyLXJvc3Rlci1jdXRzLTAxaDkzbXBiOXhxZy8y0gEA?hl=en-US&gl=US&ceid=US%3Aen
North Carolina Tar Heels vs. South Carolina Gamecocks | Week 1 College Football Preview,247Sports,2023-08-31T16:00:28Z,https://news.google.com/articles/CCAiC1BxTTBRUE1MclJjmAEB?hl=en-US&gl=US&ceid=US%3Aen
"Paul Finebaum considers what Week 1 matchup between North Carolina, South Carolina means",On3.com,2023-08-31T13:14:19Z,https://news.google.com/articles/CBMicWh0dHBzOi8vd3d3Lm9uMy5jb20vbmV3cy9wYXVsLWZpbmViYXVtLWNvbnNpZGVycy13aGF0LXdlZWstMS1tYXRjaHVwLWJldHdlZW4tbm9ydGgtY2Fyb2xpbmEtc291dGgtY2Fyb2xpbmEtbWVhbnMv0gEA?hl=en-US&gl=US&ceid=US%3Aen
"Jalon Jones, former Jackson State/B-CU QB, to start vs. SC State",HBCU Gameday,2023-08-31T20:47:57Z,https://news.google.com/articles/CBMiYWh0dHBzOi8vaGJjdWdhbWVkYXkuY29tLzIwMjMvMDgvMzEvamFsb24tam9uZXMtZm9ybWVyLWphY2tzb24tc3RhdGUtYi1jdS1xYi10by1zdGFydC12cy1zYy1zdGF0ZS_SAQA?hl=en-US&gl=US&ceid=US%3Aen
South Carolina score prediction vs UNC: College football Week 1,Greenville News,2023-08-31T18:58:08Z,https://news.google.com/articles/CBMiowFodHRwczovL3d3dy5ncmVlbnZpbGxlb25saW5lLmNvbS9zdG9yeS9zcG9ydHMvY29sbGVnZS91c2MvMjAyMy8wOC8zMS9zb3V0aC1jYXJvbGluYS1zY29yZS1wcmVkaWN0aW9uLW5vcnRoLWNhcm9saW5hLWZvb3RiYWxsLXdlZWstMS1kdWtlcy1tYXlvLWNsYXNzaWMvNzA2ODk1OTMwMDcv0gEA?hl=en-US&gl=US&ceid=US%3Aen
Ciryl Gane Seeks 'Masterclass' Over Serghei Spivac at UFC Paris | UFC Fight Night 226,MMA Junkie,2023-08-31T21:46:57Z,https://news.google.com/articles/CCAiC0RDY2ZDZHlCazRnmAEB?hl=en-US&gl=US&ceid=US%3Aen
UFC Fight Night 226: Tom Aspinall says headliner isn’t so one-sided,MMA Junkie,2023-08-31T17:50:00Z,https://news.google.com/articles/CBMidGh0dHBzOi8vbW1hanVua2llLnVzYXRvZGF5LmNvbS8yMDIzLzA4L3VmYy1maWdodC1uaWdodC0yMjYtdG9tLWFzcGluYWxsLWRvZXNudC1kaXNjb3VudC1zZXJnaGVpLXNwaXZhYy12cy1jaXJ5bC1nYW5l0gEA?hl=en-US&gl=US&ceid=US%3Aen
Gane vs Spivac - Road to Gold | UFC Paris,UFC,2023-08-31T16:37:21Z,https://news.google.com/articles/CCAiC1FaWVc5MlItdF8wmAEB?hl=en-US&gl=US&ceid=US%3Aen
UFC on ESPN+ 84: Best Bets and Predictions,MMA Sucka,2023-08-31T09:00:46Z,https://news.google.com/articles/CBMiSWh0dHBzOi8vbW1hc3Vja2EuY29tLzIwMjMvMDgvMzEvdWZjLW9uLWVzcG4tODQtYmVzdC1iZXRzLWFuZC1wcmVkaWN0aW9ucy_SAUlodHRwczovL21tYXN1Y2thLmNvbS8yMDIzLzA4LzMxL3VmYy1vbi1lc3BuLTg0LWJlc3QtYmV0cy1hbmQtcHJlZGljdGlvbnMv?hl=en-US&gl=US&ceid=US%3Aen
"Roglic, Vingegaard chip at Evenepoel's Vuelta a España gap at Javalambre",Cyclingnews,2023-08-31T19:27:28Z,https://news.google.com/articles/CBMiaGh0dHBzOi8vd3d3LmN5Y2xpbmduZXdzLmNvbS9uZXdzL3JvZ2xpYy12aW5nZWdhYXJkLWNoaXAtYXQtZXZlbmVwb2Vscy12dWVsdGEtYS1lc3BhbmEtZ2FwLWF0LWphdmFsYW1icmUv0gEA?hl=en-US&gl=US&ceid=US%3Aen
"Vuelta a España stage 6: Sepp Kuss wins, Martinez takes red as GC turned on its head",Outside Magazine,2023-08-31T16:08:43Z,https://news.google.com/articles/CBMikwFodHRwczovL3ZlbG8ub3V0c2lkZW9ubGluZS5jb20vcm9hZC9yb2FkLXJhY2luZy92dWVsdGEtYS1lc3BhbmEvdnVlbHRhLWEtZXNwYW5hLXN0YWdlLTYtc2VwcC1rdXNzLXdpbnMtbWFydGluZXotdGFrZXMtcmVkLWFzLWdjLXR1cm5lZC1vbi1pdHMtaGVhZC_SAQA?hl=en-US&gl=US&ceid=US%3Aen
Sepp Kuss Off The Leash For Vuelta a España 2023 Win,FloBikes,2023-08-31T19:00:00Z,https://news.google.com/articles/CCAiC0prd3NObzhSdl9rmAEB?hl=en-US&gl=US&ceid=US%3Aen
Vuelta a España: Sepp Kuss climbs to stage 6 victory at Javalambre,Cyclingnews,2023-08-31T15:15:00Z,https://news.google.com/articles/CBMiR2h0dHBzOi8vd3d3LmN5Y2xpbmduZXdzLmNvbS9yYWNlcy92dWVsdGEtYS1lc3BhbmEtMjAyMy9zdGFnZS02L3Jlc3VsdHMv0gEA?hl=en-US&gl=US&ceid=US%3Aen
Boston Celtics Sign Svi Mykhailiuk,NBA.com,2023-08-31T22:05:00Z,https://news.google.com/articles/CBMiYGh0dHBzOi8vd3d3Lm5iYS5jb20vY2VsdGljcy9uZXdzLzA4MzEyMy1wcmVzcy1yZWxlYXNlLWJvc3Rvbi1jZWx0aWNzLXNpZ24tZm9yd2FyZC1zdmktbXlraGFpbGl1a9IBAA?hl=en-US&gl=US&ceid=US%3Aen
BREAKING: Boston Celtics Reportedly Sign 5-Year NBA Veteran,Sports Illustrated,2023-08-31T20:40:39Z,https://news.google.com/articles/CBMieWh0dHBzOi8vd3d3LnNpLmNvbS9mYW5uYXRpb24vbmJhL2Zhc3RicmVhay9uZXdzL2JyZWFraW5nLWJvc3Rvbi1jZWx0aWNzLXJlcG9ydGVkbHktc2lnbi01LXllYXItbmJhLXZldGVyYW4tc3ZpLW15a2hhaWxpdWvSAQA?hl=en-US&gl=US&ceid=US%3Aen
Guard Svi Mykhailiuk headed to Celtics on one-year deal - ESPN,ESPN,2023-08-31T21:21:00Z,https://news.google.com/articles/CBMiXGh0dHBzOi8vd3d3LmVzcG4uY29tL25iYS9zdG9yeS9fL2lkLzM4MzAwODE5L2d1YXJkLXN2aS1teWtoYWlsaXVrLWFncmVlcy0xLXllYXItZGVhbC1jZWx0aWNz0gFpaHR0cHM6Ly93d3cuZXNwbi5jb20vbmJhL3N0b3J5L18vaWQvMzgzMDA4MTkvZ3VhcmQtc3ZpLW15a2hhaWxpdWstYWdyZWVzLTEteWVhci1kZWFsLWNlbHRpY3M_cGxhdGZvcm09YW1w?hl=en-US&gl=US&ceid=US%3Aen
Report: Celtics sign Svi Mykhailiuk to one-year deal,Celtics Blog,2023-08-31T20:42:26Z,https://news.google.com/articles/CBMiaWh0dHBzOi8vd3d3LmNlbHRpY3NibG9nLmNvbS8yMDIzLzgvMzEvMjM4NTQ1MDAvcmVwb3J0LWJvc3Rvbi1jZWx0aWNzLXNpZ24tc3ZpLW15a2hhaWxpdWstdG8tb25lLXllYXItZGVhbNIBdmh0dHBzOi8vd3d3LmNlbHRpY3NibG9nLmNvbS9wbGF0Zm9ybS9hbXAvMjAyMy84LzMxLzIzODU0NTAwL3JlcG9ydC1ib3N0b24tY2VsdGljcy1zaWduLXN2aS1teWtoYWlsaXVrLXRvLW9uZS15ZWFyLWRlYWw?hl=en-US&gl=US&ceid=US%3Aen
Virginia football 'still grieving' as opener against Tennessee looms,USA TODAY,2023-08-31T14:46:23Z,https://news.google.com/articles/CBMiigFodHRwczovL3d3dy51c2F0b2RheS5jb20vc3Rvcnkvc3BvcnRzL25jYWFmL2FjYy8yMDIzLzA4LzMxL3ZpcmdpbmlhLWZvb3RiYWxsLWdyaWV2aW5nLXNob290aW5nLXRocmVlLXBsYXllcnMtcmV0dXJuLXRlbm5lc3NlZS83MDcwMjIzNTAwNy_SAQA?hl=en-US&gl=US&ceid=US%3Aen
Tennessee Reveals Week One Uniforms Against Virginia in Nashville,Rocky Top Insider,2023-08-31T14:23:00Z,https://news.google.com/articles/CBMibWh0dHBzOi8vd3d3LnJvY2t5dG9waW5zaWRlci5jb20vMjAyMy8wOC8zMS90ZW5uZXNzZWUtcmV2ZWFscy13ZWVrLW9uZS11bmlmb3Jtcy1hZ2FpbnN0LXZpcmdpbmlhLWluLW5hc2h2aWxsZS_SAQA?hl=en-US&gl=US&ceid=US%3Aen
Tennessee football: It's Fearless Prediction time again as the Vols open against Virginia,Saturday Down South,2023-08-31T12:30:40Z,https://news.google.com/articles/CBMijQFodHRwczovL3d3dy5zYXR1cmRheWRvd25zb3V0aC5jb20vdGVubmVzc2VlLWZvb3RiYWxsL3Rlbm5lc3NlZS1mb290YmFsbC1pdHMtZmVhcmxlc3MtcHJlZGljdGlvbi10aW1lLWFnYWluLWFzLXRoZS12b2xzLW9wZW4tYWdhaW5zdC12aXJnaW5pYS_SAQA?hl=en-US&gl=US&ceid=US%3Aen
A closer look at Tennessee's recruiting connections to the state of Virginia,On3.com,2023-08-31T19:24:49Z,https://news.google.com/articles/CBMiUmh0dHBzOi8vd3d3Lm9uMy5jb20vdGVhbXMvdGVubmVzc2VlLXZvbHVudGVlcnMvbmV3cy92aXJnaW5pYS1yZWNydWl0aW5nLWxvb2stMjAyMy_SAQA?hl=en-US&gl=US&ceid=US%3Aen
